idVenda,dataVenda,idProduto,idCliente,idVendedor,idCanal,quantidade,descontoPerc,valorUnitario,valorBruto,valorDesconto,valorLiquido
1,2023-12-23,14,52,7,2,7,0.14,3684.65,25792.55,3610.9570000000003,22181.593
2,2023-01-23,15,15,4,4,9,0.13,1700.19,15301.710000000001,1989.2223000000001,13312.487700000001
3,2024-06-05,16,83,3,3,2,0.16,3841.91,7683.82,1229.4112,6454.408799999999
4,2025-03-12,22,7,1,2,3,0.18,4637.39,13912.170000000002,2504.1906000000004,11407.979400000002
5,2025-01-31,22,28,8,3,10,0.16,5047.56,50475.600000000006,8076.096000000001,42399.504
6,2024-03-17,28,51,3,3,8,0.0,1469.59,11756.72,0.0,11756.72
7,2025-02-07,20,58,2,3,6,0.15,1609.19,9655.14,1448.271,8206.868999999999
8,2025-10-12,1,5,4,2,10,0.04,3673.78,36737.8,1469.5120000000002,35268.288
9,2024-05-30,10,5,3,3,9,0.03,4530.06,40770.54,1223.1162,39547.423800000004
10,2025-11-05,8,94,1,3,10,0.13,1341.63,13416.300000000001,1744.1190000000001,11672.181
11,2025-03-02,18,96,3,2,4,0.06,878.02,3512.08,210.7248,3301.3552
12,2023-12-02,28,8,2,3,8,0.01,1400.8,11206.4,112.064,11094.336
13,2023-09-15,1,64,8,2,10,0.03,4197.72,41977.200000000004,1259.316,40717.884000000005
14,2024-05-11,2,10,6,4,3,0.0,2910.02,8730.06,0.0,8730.06
15,2025-06-14,1,38,9,4,3,0.18,3474.31,10422.93,1876.1274,8546.8026
16,2023-06-09,1,96,8,4,8,0.0,3646.85,29174.8,0.0,29174.8
17,2025-05-01,9,92,10,3,5,0.04,3892.42,19462.1,778.4839999999999,18683.615999999998
18,2024-11-20,13,81,3,1,3,0.08,395.83,1187.49,94.9992,1092.4908
19,2024-01-15,30,95,5,1,10,0.07,659.45,6594.5,461.61500000000007,6132.885
20,2025-08-14,1,8,7,3,1,0.18,3901.67,3901.67,702.3006,3199.3694
21,2024-11-21,13,25,5,1,3,0.01,492.24,1476.72,14.7672,1461.9528
22,2025-12-02,20,73,8,2,9,0.1,1759.84,15838.56,1583.856,14254.704
23,2023-10-12,26,66,5,1,5,0.14,1407.25,7036.25,985.075,6051.175
24,2024-02-01,22,79,1,3,10,0.19,4276.3,42763.0,8124.97,34638.03
25,2023-01-12,7,50,5,3,2,0.12,2697.3,5394.6,647.352,4747.2480000000005
26,2024-05-13,2,67,4,2,7,0.16,3460.96,24226.72,3876.2752,20350.4448
27,2025-01-23,6,49,6,4,2,0.02,1977.13,3954.26,79.0852,3875.1748000000002
28,2023-02-04,7,36,3,3,4,0.08,2346.4,9385.6,750.8480000000001,8634.752
29,2024-12-27,26,68,5,2,7,0.07,1253.2,8772.4,614.068,8158.331999999999
30,2025-04-28,14,78,2,1,4,0.18,2938.36,11753.44,2115.6192,9637.820800000001
31,2023-03-31,26,41,6,1,7,0.03,1425.9,9981.300000000001,299.439,9681.861
32,2025-02-14,18,89,6,2,7,0.03,925.56,6478.92,194.36759999999998,6284.5524000000005
33,2024-08-27,15,62,5,2,1,0.07,1874.08,1874.08,131.1856,1742.8944
34,2025-08-27,2,10,6,3,6,0.01,3226.39,19358.34,193.5834,19164.7566
35,2025-10-18,10,21,7,1,9,0.04,4896.07,44064.63,1762.5852,42302.044799999996
36,2024-02-22,23,36,5,2,2,0.19,741.74,1483.48,281.8612,1201.6188
37,2023-04-25,12,12,1,1,3,0.09,363.93,1091.79,98.2611,993.5289
38,2024-09-08,17,91,8,2,10,0.13,1395.47,13954.7,1814.111,12140.589
39,2025-04-05,8,2,4,1,5,0.15,1386.17,6930.85,1039.6275,5891.2225
40,2024-02-17,11,13,9,4,9,0.07,2547.05,22923.45,1604.6415000000002,21318.8085
41,2024-12-29,29,53,10,3,4,0.03,4087.25,16349.0,490.46999999999997,15858.53
42,2025-10-17,3,32,6,1,1,0.04,2984.38,2984.38,119.3752,2865.0048
43,2025-01-30,27,95,1,4,4,0.06,3902.11,15608.44,936.5064,14671.9336
44,2024-11-06,6,16,3,1,6,0.13,2087.65,12525.900000000001,1628.3670000000002,10897.533000000001
45,2024-04-01,9,32,3,1,5,0.08,4298.84,21494.2,1719.536,19774.664
46,2025-07-08,6,32,10,4,1,0.0,2030.89,2030.89,0.0,2030.89
47,2023-07-11,9,98,4,1,4,0.1,3851.09,15404.36,1540.4360000000001,13863.924
48,2025-01-08,7,11,6,1,6,0.18,2248.08,13488.48,2427.9264,11060.5536
49,2025-09-04,9,10,7,3,10,0.16,3887.63,38876.3,6220.2080000000005,32656.092000000004
50,2025-10-05,18,15,10,4,10,0.17,891.72,8917.2,1515.9240000000002,7401.276000000001
51,2023-04-06,12,17,4,4,4,0.16,347.28,1389.12,222.2592,1166.8608
52,2024-10-24,8,40,6,2,9,0.06,1098.53,9886.77,593.2062,9293.5638
53,2023-02-06,8,18,1,1,5,0.15,1138.5,5692.5,853.875,4838.625
54,2023-10-06,18,55,8,3,8,0.03,902.17,7217.36,216.52079999999998,7000.839199999999
55,2023-08-05,28,73,7,1,9,0.13,1508.23,13574.07,1764.6291,11809.4409
56,2025-05-16,30,25,9,1,10,0.13,823.09,8230.9,1070.017,7160.883
57,2025-05-22,20,59,3,2,5,0.01,1750.96,8754.8,87.54799999999999,8667.251999999999
58,2023-03-03,30,78,2,1,6,0.16,802.21,4813.26,770.1216000000001,4043.1384000000003
59,2024-08-18,15,89,1,3,1,0.18,1821.84,1821.84,327.9312,1493.9088
60,2024-12-29,27,22,3,3,7,0.05,3751.38,26259.66,1312.9830000000002,24946.677
61,2024-02-01,7,30,5,2,4,0.16,2573.98,10295.92,1647.3472000000002,8648.5728
62,2024-11-29,11,84,2,1,2,0.02,2413.66,4827.32,96.54639999999999,4730.7735999999995
63,2025-11-08,20,85,3,3,5,0.12,1945.47,9727.35,1167.282,8560.068000000001
64,2023-06-26,16,44,4,1,3,0.1,3693.23,11079.69,1107.969,9971.721000000001
65,2024-01-31,4,32,7,1,6,0.11,1737.88,10427.28,1147.0008,9280.2792
66,2024-03-20,6,51,3,1,8,0.19,2017.41,16139.28,3066.4632,13072.8168
67,2023-03-17,26,46,9,2,7,0.17,1335.73,9350.11,1589.5187000000003,7760.5913
68,2023-09-22,22,21,8,1,3,0.16,4275.35,12826.050000000001,2052.168,10773.882000000001
69,2024-03-30,26,99,4,3,8,0.05,1439.26,11514.08,575.7040000000001,10938.376
70,2024-12-18,3,32,1,1,2,0.18,2347.64,4695.28,845.1503999999999,3850.1295999999998
71,2025-01-04,9,94,1,3,10,0.02,4269.69,42696.899999999994,853.9379999999999,41842.96199999999
72,2025-04-30,28,39,1,1,9,0.17,1353.53,12181.77,2070.9009,10110.8691
73,2023-05-24,10,12,1,3,4,0.07,4692.06,18768.24,1313.7768000000003,17454.463200000002
74,2025-06-03,14,47,8,3,1,0.01,3406.32,3406.32,34.0632,3372.2568
75,2025-12-28,11,18,3,1,8,0.13,2672.35,21378.8,2779.244,18599.556
76,2024-01-31,18,21,6,1,7,0.05,873.66,6115.62,305.781,5809.839
77,2025-11-14,22,13,3,3,5,0.05,4764.5,23822.5,1191.125,22631.375
78,2025-08-05,12,21,5,4,10,0.06,410.0,4100.0,246.0,3854.0
79,2025-06-09,23,8,7,2,5,0.01,705.14,3525.7,35.257,3490.4429999999998
80,2024-07-22,12,46,2,4,7,0.04,421.23,2948.61,117.9444,2830.6656000000003
81,2025-11-28,13,7,6,4,5,0.0,414.69,2073.45,0.0,2073.45
82,2023-04-19,25,23,6,1,8,0.09,1803.89,14431.12,1298.8008,13132.319200000002
83,2025-12-01,13,96,3,2,6,0.02,499.93,2999.58,59.9916,2939.5884
84,2025-07-23,19,75,6,4,5,0.14,2111.95,10559.75,1478.3650000000002,9081.385
85,2024-02-02,26,86,10,1,9,0.05,1262.9,11366.1,568.3050000000001,10797.795
86,2024-09-25,19,22,10,4,2,0.19,2181.79,4363.58,829.0802,3534.4998
87,2025-01-02,23,89,5,4,1,0.17,602.06,602.06,102.3502,499.7098
88,2023-08-23,14,22,2,1,8,0.06,3052.63,24421.04,1465.2624,22955.7776
89,2024-10-19,4,92,9,1,3,0.16,1981.06,5943.18,950.9088,4992.2712
90,2025-01-20,13,29,8,1,7,0.16,454.25,3179.75,508.76,2670.99
91,2024-08-10,8,13,3,2,10,0.2,1183.65,11836.5,2367.3,9469.2
92,2025-10-29,29,82,8,4,8,0.12,4162.16,33297.28,3995.6735999999996,29301.6064
93,2025-08-11,23,2,9,1,6,0.02,745.02,4470.12,89.4024,4380.7176
94,2024-05-06,21,29,3,3,10,0.13,3819.36,38193.6,4965.168,33228.432
95,2025-07-01,23,85,3,4,9,0.12,627.24,5645.16,677.4191999999999,4967.7408
96,2023-06-19,19,79,2,3,7,0.13,2351.41,16459.87,2139.7831,14320.086899999998
97,2025-08-03,12,52,8,2,10,0.06,406.39,4063.8999999999996,243.83399999999997,3820.066
98,2025-03-05,18,27,10,1,5,0.17,896.01,4480.05,761.6085,3718.4415
99,2024-09-25,6,50,1,3,8,0.19,2124.51,16996.08,3229.2552000000005,13766.824800000002
100,2023-01-29,18,95,8,2,2,0.04,896.54,1793.08,71.7232,1721.3568
101,2023-12-05,19,79,7,1,7,0.02,2050.82,14355.740000000002,287.11480000000006,14068.625200000002
102,2024-05-14,22,23,7,3,4,0.04,4775.97,19103.88,764.1552,18339.7248
103,2024-05-25,5,88,3,3,9,0.16,4099.62,36896.58,5903.4528,30993.127200000003
104,2023-08-05,24,44,1,2,1,0.14,1632.14,1632.14,228.49960000000004,1403.6404
105,2025-12-29,9,77,4,1,7,0.13,4167.54,29172.78,3792.4614,25380.3186
106,2024-03-20,27,22,9,1,6,0.08,3354.18,20125.079999999998,1610.0064,18515.0736
107,2025-05-25,3,43,5,3,8,0.12,2672.55,21380.4,2565.648,18814.752
108,2023-06-16,28,37,1,3,5,0.06,1295.96,6479.8,388.788,6091.012000000001
109,2023-04-01,10,61,5,3,1,0.1,4375.29,4375.29,437.529,3937.761
110,2024-12-14,19,97,8,1,1,0.16,2223.42,2223.42,355.7472,1867.6728
111,2023-02-08,3,56,8,2,9,0.2,2545.67,22911.03,4582.206,18328.824
112,2023-06-22,29,3,5,2,10,0.19,3960.4,39604.0,7524.76,32079.239999999998
113,2024-10-14,29,63,9,1,6,0.19,3306.55,19839.300000000003,3769.4670000000006,16069.833000000002
114,2025-01-23,22,19,1,4,10,0.08,4737.85,47378.5,3790.28,43588.22
115,2025-12-17,15,23,4,2,5,0.09,1852.95,9264.75,833.8275,8430.9225
116,2024-04-20,1,29,3,3,1,0.14,3894.09,3894.09,545.1726000000001,3348.9174000000003
117,2024-03-31,7,30,2,4,6,0.18,2526.25,15157.5,2728.35,12429.15
118,2025-04-08,12,39,8,4,6,0.03,429.01,2574.06,77.2218,2496.8382
119,2025-06-13,17,25,7,2,3,0.06,1360.38,4081.1400000000003,244.8684,3836.2716000000005
120,2025-10-21,30,8,9,4,8,0.03,646.12,5168.96,155.06879999999998,5013.8912
121,2024-01-22,21,58,2,4,1,0.12,3810.88,3810.88,457.30559999999997,3353.5744
122,2023-12-14,26,16,4,2,1,0.06,1230.9,1230.9,73.854,1157.046
123,2023-07-09,29,72,6,2,6,0.07,4124.35,24746.100000000002,1732.2270000000003,23013.873000000003
124,2024-05-19,24,1,3,4,10,0.01,1421.64,14216.400000000001,142.16400000000002,14074.236
125,2025-04-03,20,5,8,3,1,0.07,1880.27,1880.27,131.61890000000002,1748.6511
126,2025-07-17,5,3,3,1,6,0.17,4604.57,27627.42,4696.6614,22930.758599999997
127,2025-07-22,4,65,2,4,1,0.05,1637.29,1637.29,81.8645,1555.4255
128,2023-05-14,28,4,3,4,6,0.14,1389.68,8338.08,1167.3312,7170.748799999999
129,2023-02-27,12,99,6,3,3,0.13,342.03,1026.09,133.3917,892.6982999999999
130,2024-11-15,30,96,2,4,8,0.17,731.38,5851.04,994.6768000000001,4856.3632
131,2024-11-02,20,64,8,4,6,0.03,1540.82,9244.92,277.3476,8967.572400000001
132,2023-06-22,28,98,1,1,1,0.2,1490.81,1490.81,298.162,1192.648
133,2025-03-25,24,89,7,1,5,0.12,1715.24,8576.2,1029.144,7547.0560000000005
134,2023-03-21,18,10,2,1,8,0.2,796.57,6372.56,1274.5120000000002,5098.048000000001
135,2025-06-04,17,21,10,2,3,0.18,1327.5,3982.5,716.85,3265.65
136,2023-07-22,19,46,6,2,6,0.04,2305.52,13833.119999999999,553.3248,13279.795199999999
137,2025-02-02,9,91,2,1,5,0.01,3796.92,18984.6,189.84599999999998,18794.753999999997
138,2023-02-16,4,27,2,1,6,0.05,1935.59,11613.539999999999,580.677,11032.863
139,2024-10-17,26,66,10,2,10,0.11,1419.36,14193.599999999999,1561.2959999999998,12632.303999999998
140,2024-04-15,21,41,8,3,1,0.03,3732.17,3732.17,111.96509999999999,3620.2049
141,2025-08-28,2,13,2,4,7,0.03,3526.81,24687.67,740.6301,23947.0399
142,2025-11-01,4,9,7,4,9,0.09,1758.7,15828.300000000001,1424.547,14403.753
143,2025-01-05,2,36,3,1,2,0.01,3591.07,7182.14,71.82140000000001,7110.3186000000005
144,2025-02-22,15,86,8,3,10,0.02,1904.05,19040.5,380.81,18659.69
145,2025-08-25,2,90,7,2,5,0.08,2983.65,14918.25,1193.46,13724.79
146,2023-12-24,4,58,8,1,10,0.01,1542.42,15424.2,154.24200000000002,15269.958
147,2025-08-29,6,54,7,3,4,0.08,2168.43,8673.72,693.8976,7979.822399999999
148,2024-10-29,7,12,6,3,6,0.09,2784.68,16708.079999999998,1503.7271999999998,15204.352799999999
149,2024-01-08,10,81,7,3,6,0.09,4063.16,24378.96,2194.1063999999997,22184.8536
150,2025-10-28,19,78,5,2,2,0.17,2348.5,4697.0,798.49,3898.51
151,2024-11-06,19,14,7,2,2,0.11,2145.13,4290.26,471.9286,3818.3314
152,2023-03-31,26,34,1,4,4,0.09,1309.62,5238.48,471.4631999999999,4767.016799999999
153,2024-11-28,22,53,1,4,1,0.08,4986.52,4986.52,398.92160000000007,4587.598400000001
154,2024-06-23,29,20,9,3,9,0.16,3423.11,30807.99,4929.2784,25878.711600000002
155,2025-01-01,12,75,5,3,7,0.18,428.72,3001.04,540.1872,2460.8528
156,2025-05-18,3,16,5,2,7,0.17,2467.94,17275.58,2936.8486000000007,14338.7314
157,2023-02-10,13,95,3,4,3,0.13,462.38,1387.1399999999999,180.32819999999998,1206.8118
158,2025-01-09,18,70,5,3,3,0.03,796.74,2390.2200000000003,71.70660000000001,2318.5134000000003
159,2024-05-16,8,56,3,4,1,0.06,1265.49,1265.49,75.9294,1189.5606
160,2025-08-16,21,83,9,4,3,0.01,4055.11,12165.33,121.6533,12043.6767
161,2025-07-17,15,58,9,3,3,0.19,1586.8,4760.4,904.4759999999999,3855.924
162,2024-04-05,1,4,6,2,4,0.13,3752.29,15009.16,1951.1908,13057.9692
163,2025-01-01,3,4,1,3,4,0.15,2643.39,10573.56,1586.0339999999999,8987.526
164,2025-01-21,26,20,7,3,3,0.06,1244.15,3732.4500000000003,223.947,3508.503
165,2025-07-13,8,10,7,4,10,0.17,1350.77,13507.7,2296.309,11211.391
166,2025-06-27,4,24,10,3,8,0.05,1689.23,13513.84,675.692,12838.148000000001
167,2024-01-25,16,99,10,2,8,0.0,3906.71,31253.68,0.0,31253.68
168,2025-06-01,30,26,4,3,1,0.08,737.11,737.11,58.9688,678.1412
169,2023-09-13,23,37,8,2,7,0.11,669.41,4685.87,515.4457,4170.4243
170,2024-12-09,10,85,6,2,2,0.1,4122.33,8244.66,824.466,7420.1939999999995
171,2024-03-25,12,54,4,4,1,0.17,378.22,378.22,64.29740000000001,313.9226
172,2023-01-10,14,21,4,1,3,0.02,3258.33,9774.99,195.4998,9579.4902
173,2025-04-03,14,74,2,1,4,0.11,3490.22,13960.88,1535.6968,12425.1832
174,2025-03-08,2,38,2,4,6,0.1,3532.78,21196.68,2119.668,19077.012
175,2025-05-26,23,46,4,3,10,0.06,674.7,6747.0,404.82,6342.18
176,2025-10-25,5,4,5,4,5,0.16,3863.68,19318.399999999998,3090.9439999999995,16227.455999999998
177,2025-10-12,5,60,8,2,4,0.15,4025.33,16101.32,2415.198,13686.122
178,2024-01-09,6,57,6,1,8,0.15,1772.36,14178.88,2126.832,12052.047999999999
179,2025-12-24,13,45,4,4,4,0.18,407.41,1629.64,293.3352,1336.3048000000001
180,2023-05-26,9,20,7,3,10,0.14,3910.74,39107.399999999994,5475.036,33632.363999999994
181,2023-08-12,30,17,8,4,2,0.05,684.72,1369.44,68.47200000000001,1300.968
182,2023-06-26,22,71,2,1,3,0.14,4234.4,12703.199999999999,1778.448,10924.751999999999
183,2025-05-02,28,4,7,4,6,0.06,1198.64,7191.84,431.5104,6760.3296
184,2023-03-04,29,93,2,4,8,0.05,3257.36,26058.88,1302.9440000000002,24755.936
185,2025-04-06,15,14,2,1,8,0.01,1549.19,12393.52,123.93520000000001,12269.5848
186,2025-03-05,14,3,8,2,9,0.15,3027.36,27246.24,4086.936,23159.304
187,2024-11-19,24,88,2,2,7,0.14,1506.35,10544.449999999999,1476.223,9068.226999999999
188,2023-04-15,7,80,9,1,2,0.05,2534.65,5069.3,253.46500000000003,4815.835
189,2024-05-25,25,58,1,4,8,0.15,1683.41,13467.28,2020.092,11447.188
190,2024-01-20,20,55,9,1,7,0.18,1720.63,12044.41,2167.9937999999997,9876.4162
191,2024-02-09,2,4,1,2,8,0.02,3127.18,25017.44,500.3488,24517.0912
192,2025-04-02,7,24,10,3,3,0.05,2327.92,6983.76,349.18800000000005,6634.572
193,2024-06-01,6,34,10,4,7,0.15,1695.91,11871.37,1780.7055,10090.6645
194,2024-04-20,17,30,2,2,10,0.05,1420.19,14201.900000000001,710.0950000000001,13491.805000000002
195,2024-12-09,27,82,6,4,9,0.12,3924.47,35320.229999999996,4238.427599999999,31081.802399999997
196,2025-02-09,25,19,6,1,3,0.02,1723.03,5169.09,103.3818,5065.7082
197,2025-11-12,25,31,1,3,10,0.09,1679.35,16793.5,1511.415,15282.085
198,2025-09-23,28,60,7,1,6,0.15,1479.31,8875.86,1331.3790000000001,7544.481000000001
199,2024-11-07,2,60,8,3,2,0.14,3072.87,6145.74,860.4036000000001,5285.3364
200,2024-12-14,3,19,2,4,2,0.16,2479.93,4959.86,793.5776,4166.2824
201,2023-03-24,5,49,8,4,5,0.18,4693.46,23467.3,4224.114,19243.186
202,2024-04-01,5,63,9,1,5,0.15,4650.39,23251.95,3487.7925,19764.1575
203,2023-01-01,1,83,6,3,7,0.13,3684.6,25792.2,3352.9860000000003,22439.214
204,2023-02-20,8,22,5,3,2,0.01,1247.83,2495.66,24.956599999999998,2470.7034
205,2024-11-15,12,24,9,4,7,0.11,358.39,2508.73,275.9603,2232.7697
206,2024-12-17,24,76,9,1,5,0.01,1371.21,6856.05,68.5605,6787.489500000001
207,2024-03-24,4,30,1,3,6,0.16,1793.94,10763.64,1722.1824,9041.4576
208,2025-05-30,13,58,3,4,8,0.06,404.45,3235.6,194.136,3041.464
209,2024-05-02,23,31,9,2,10,0.11,658.74,6587.4,724.6139999999999,5862.786
210,2023-02-03,15,100,2,1,4,0.06,1909.41,7637.64,458.2584,7179.381600000001
211,2023-04-05,11,64,4,2,7,0.16,2954.9,20684.3,3309.488,17374.811999999998
212,2025-12-31,10,19,4,1,6,0.18,4273.31,25639.86,4615.1748,21024.6852
213,2023-06-03,3,48,2,4,10,0.08,2746.66,27466.6,2197.328,25269.271999999997
214,2023-09-07,22,45,3,3,2,0.17,4525.68,9051.36,1538.7312000000002,7512.6288
215,2024-11-04,14,100,3,3,8,0.05,3607.31,28858.48,1442.924,27415.556
216,2024-03-13,16,94,1,3,10,0.11,3616.05,36160.5,3977.655,32182.845
217,2023-04-28,10,55,6,1,9,0.17,4004.03,36036.270000000004,6126.165900000001,29910.104100000004
218,2025-02-09,29,55,8,4,5,0.07,3391.53,16957.65,1187.0355000000002,15770.614500000001
219,2023-09-25,10,97,3,2,10,0.19,4399.23,43992.299999999996,8358.536999999998,35633.763
220,2025-12-13,12,18,5,4,4,0.02,367.84,1471.36,29.4272,1441.9327999999998
221,2023-08-24,30,63,1,2,6,0.0,787.89,4727.34,0.0,4727.34
222,2024-01-24,9,92,10,1,8,0.18,4229.06,33832.48,6089.8464,27742.6336
223,2025-09-16,1,47,7,1,3,0.01,3545.75,10637.25,106.3725,10530.8775
224,2025-02-01,5,75,10,2,10,0.2,4263.28,42632.799999999996,8526.56,34106.24
225,2024-02-05,20,57,1,2,1,0.19,1576.29,1576.29,299.4951,1276.7948999999999
226,2024-09-15,8,45,9,2,4,0.03,1375.74,5502.96,165.0888,5337.8712
227,2025-02-05,11,33,8,4,4,0.11,2943.35,11773.4,1295.074,10478.326
228,2025-07-07,12,17,7,2,1,0.04,431.85,431.85,17.274,414.576
229,2025-05-02,1,70,10,1,9,0.09,4076.73,36690.57,3302.1513,33388.4187
230,2024-07-31,25,4,7,1,3,0.01,1698.84,5096.5199999999995,50.965199999999996,5045.5548
231,2023-03-16,22,20,5,3,5,0.04,4038.41,20192.05,807.682,19384.368
232,2024-03-10,20,47,5,2,6,0.07,1788.5,10731.0,751.1700000000001,9979.83
233,2023-04-13,28,91,5,4,8,0.09,1487.93,11903.44,1071.3096,10832.1304
234,2025-02-02,25,15,1,4,6,0.2,1700.41,10202.460000000001,2040.4920000000002,8161.968000000001
235,2025-01-07,11,70,8,4,3,0.16,2327.27,6981.8099999999995,1117.0896,5864.720399999999
236,2025-03-16,5,47,1,3,6,0.15,4637.88,27827.28,4174.092,23653.188
237,2023-04-08,15,78,4,1,1,0.11,1538.02,1538.02,169.1822,1368.8378
238,2025-03-08,5,75,9,4,4,0.17,4215.84,16863.36,2866.7712,13996.588800000001
239,2025-05-08,12,9,9,1,6,0.07,402.84,2417.04,169.1928,2247.8472
240,2024-03-10,5,90,5,3,7,0.14,4025.28,28176.960000000003,3944.7744000000007,24232.1856
241,2024-03-22,17,16,4,2,10,0.2,1283.06,12830.599999999999,2566.12,10264.48
242,2023-09-06,17,69,3,2,3,0.06,1528.67,4586.01,275.1606,4310.8494
243,2023-06-15,24,61,3,2,9,0.13,1582.68,14244.12,1851.7356000000002,12392.3844
244,2025-09-10,12,10,5,4,7,0.17,432.69,3028.83,514.9011,2513.9289
245,2025-10-16,24,50,10,2,1,0.18,1473.14,1473.14,265.1652,1207.9748
246,2024-06-25,28,3,1,4,2,0.14,1201.03,2402.06,336.2884,2065.7716
247,2025-01-28,15,77,5,3,1,0.06,1820.77,1820.77,109.2462,1711.5238
248,2023-03-22,15,94,6,3,9,0.07,1729.35,15564.15,1089.4905,14474.6595
249,2023-05-13,6,70,7,4,9,0.0,1795.71,16161.39,0.0,16161.39
250,2025-03-07,12,81,9,1,7,0.15,412.76,2889.3199999999997,433.39799999999997,2455.9219999999996
251,2025-06-18,27,51,3,2,10,0.01,3472.64,34726.4,347.264,34379.136
252,2023-05-18,29,19,2,2,3,0.17,3482.37,10447.11,1776.0087000000003,8671.1013
253,2023-07-03,20,42,3,2,5,0.02,1574.96,7874.8,157.496,7717.304
254,2025-02-23,18,35,9,4,4,0.03,834.48,3337.92,100.13759999999999,3237.7824
255,2025-09-10,14,46,7,3,7,0.1,3230.77,22615.39,2261.539,20353.851
256,2023-03-10,2,26,9,2,9,0.15,3267.85,29410.649999999998,4411.5975,24999.052499999998
257,2024-06-29,9,69,2,3,2,0.03,4257.79,8515.58,255.4674,8260.1126
258,2023-02-22,5,93,5,2,8,0.09,4746.25,37970.0,3417.2999999999997,34552.7
259,2023-07-24,20,64,4,2,9,0.1,1594.78,14353.02,1435.3020000000001,12917.718
260,2023-05-06,26,37,2,4,10,0.04,1238.33,12383.3,495.332,11887.967999999999
261,2023-02-12,29,84,9,1,10,0.02,3258.16,32581.6,651.632,31929.967999999997
262,2023-04-21,1,49,9,4,9,0.17,3400.23,30602.07,5202.351900000001,25399.7181
263,2025-01-30,23,21,6,2,10,0.1,693.55,6935.5,693.5500000000001,6241.95
264,2025-04-27,3,74,6,2,7,0.0,2815.5,19708.5,0.0,19708.5
265,2023-04-05,6,64,8,1,9,0.16,2072.95,18656.55,2985.048,15671.502
266,2025-06-18,5,5,6,3,9,0.2,4032.72,36294.479999999996,7258.896,29035.583999999995
267,2023-12-26,21,100,1,3,3,0.12,3688.67,11066.01,1327.9212,9738.0888
268,2025-06-18,27,70,4,2,4,0.1,3734.59,14938.36,1493.8360000000002,13444.524000000001
269,2023-10-08,5,90,7,3,2,0.18,3838.26,7676.52,1381.7736,6294.7464
270,2024-10-28,1,4,2,2,10,0.19,3836.52,38365.2,7289.388,31075.811999999998
271,2023-04-03,17,39,9,1,3,0.15,1605.18,4815.54,722.331,4093.209
272,2024-11-02,19,35,8,1,5,0.09,2092.56,10462.8,941.6519999999999,9521.148
273,2023-03-02,14,1,8,2,5,0.12,3506.05,17530.25,2103.63,15426.619999999999
274,2024-09-25,12,24,7,1,6,0.14,385.6,2313.6000000000004,323.9040000000001,1989.6960000000004
275,2025-12-10,10,57,4,4,7,0.04,4145.86,29021.019999999997,1160.8408,27860.1792
276,2025-10-25,20,100,2,4,7,0.09,1789.65,12527.550000000001,1127.4795000000001,11400.070500000002
277,2024-08-26,21,70,3,1,1,0.17,3682.84,3682.84,626.0828,3056.7572
278,2024-11-12,18,41,6,2,2,0.13,756.36,1512.72,196.6536,1316.0664
279,2024-06-17,24,54,5,2,9,0.08,1584.51,14260.59,1140.8472,13119.7428
280,2025-04-17,27,46,8,1,10,0.13,4086.93,40869.299999999996,5313.009,35556.291
281,2024-10-06,11,60,6,3,2,0.02,2551.39,5102.78,102.0556,5000.7244
282,2023-08-21,30,60,6,4,6,0.08,714.26,4285.5599999999995,342.84479999999996,3942.7151999999996
283,2024-06-07,2,57,1,3,1,0.16,3574.29,3574.29,571.8864,3002.4036
284,2023-12-12,25,31,4,2,3,0.04,1994.61,5983.83,239.35320000000002,5744.4768
285,2025-12-05,18,84,5,2,2,0.04,902.0,1804.0,72.16,1731.84
286,2024-06-29,29,24,3,3,3,0.19,3471.39,10414.17,1978.6923,8435.4777
287,2025-03-04,25,89,9,1,5,0.04,2039.28,10196.4,407.856,9788.544
288,2023-09-06,7,36,1,3,10,0.05,2309.59,23095.9,1154.795,21941.105000000003
289,2023-02-16,24,85,6,3,6,0.19,1581.38,9488.28,1802.7732,7685.506800000001
290,2023-08-02,15,30,6,4,9,0.15,1517.38,13656.420000000002,2048.463,11607.957000000002
291,2023-08-27,11,24,10,4,10,0.14,2749.77,27497.7,3849.6780000000003,23648.022
292,2025-12-15,18,30,5,3,4,0.17,808.31,3233.24,549.6508,2683.5892
293,2023-12-16,23,86,5,3,7,0.02,658.81,4611.67,92.2334,4519.4366
294,2023-04-17,12,92,10,2,6,0.14,370.68,2224.08,311.37120000000004,1912.7087999999999
295,2025-04-10,6,7,5,4,2,0.1,1776.15,3552.3,355.23,3197.07
296,2023-02-17,20,35,6,4,10,0.17,1807.08,18070.8,3072.036,14998.764
297,2023-12-03,23,55,8,2,8,0.1,730.91,5847.28,584.728,5262.552
298,2025-11-15,30,92,2,1,7,0.12,818.69,5730.83,687.6995999999999,5043.1304
299,2025-03-14,13,14,6,4,7,0.1,415.02,2905.14,290.514,2614.6259999999997
300,2023-01-08,20,10,1,4,8,0.1,1848.9,14791.2,1479.1200000000001,13312.08
301,2024-09-16,16,80,4,1,1,0.15,3992.77,3992.77,598.9155,3393.8545
302,2024-12-19,18,16,10,4,1,0.13,822.48,822.48,106.92240000000001,715.5576
303,2023-10-30,10,54,3,4,8,0.13,4021.63,32173.04,4182.4952,27990.5448
304,2024-09-30,28,95,9,1,4,0.09,1412.8,5651.2,508.60799999999995,5142.592
305,2023-02-25,23,89,3,1,5,0.11,741.51,3707.55,407.83050000000003,3299.7195
306,2024-12-26,8,77,6,3,8,0.15,1292.53,10340.24,1551.0359999999998,8789.204
307,2024-06-09,18,70,1,2,5,0.17,842.15,4210.75,715.8275000000001,3494.9224999999997
308,2024-04-18,21,44,6,2,10,0.14,3901.18,39011.799999999996,5461.652,33550.147999999994
309,2023-01-28,1,73,4,1,4,0.18,3452.49,13809.96,2485.7927999999997,11324.1672
310,2023-03-19,23,45,8,1,6,0.16,708.99,4253.9400000000005,680.6304000000001,3573.3096000000005
311,2023-12-31,8,100,9,4,5,0.11,1328.28,6641.4,730.554,5910.846
312,2024-10-27,29,56,4,3,7,0.13,3375.75,23630.25,3071.9325,20558.3175
313,2024-06-09,6,84,10,3,10,0.19,2117.19,21171.9,4022.6610000000005,17149.239
314,2024-11-29,5,82,10,1,7,0.12,4060.17,28421.190000000002,3410.5428,25010.647200000003
315,2025-06-01,15,57,6,4,4,0.16,1927.37,7709.48,1233.5167999999999,6475.9632
316,2025-10-27,22,21,1,4,5,0.14,4421.85,22109.25,3095.295,19013.955
317,2025-10-23,15,68,4,2,3,0.11,1581.49,4744.47,521.8917,4222.5783
318,2025-07-07,2,50,7,2,4,0.05,3135.3,12541.2,627.0600000000001,11914.140000000001
319,2025-01-19,1,33,1,4,4,0.09,3676.98,14707.92,1323.7128,13384.2072
320,2023-12-29,23,91,8,2,3,0.19,595.36,1786.08,339.35519999999997,1446.7248
321,2025-03-16,23,7,10,1,10,0.13,680.25,6802.5,884.325,5918.175
322,2025-01-08,26,70,6,4,5,0.11,1427.62,7138.099999999999,785.1909999999999,6352.909
323,2025-11-04,11,15,5,2,5,0.19,2812.95,14064.75,2672.3025000000002,11392.4475
324,2024-04-29,10,82,10,3,7,0.12,4033.14,28231.98,3387.8376,24844.1424
325,2023-01-28,30,32,9,4,4,0.11,741.97,2967.88,326.46680000000003,2641.4132
326,2024-12-14,18,75,2,4,4,0.15,760.32,3041.28,456.192,2585.088
327,2025-11-28,18,20,5,3,9,0.14,899.04,8091.36,1132.7904,6958.5696
328,2023-03-27,17,88,6,1,6,0.04,1272.95,7637.700000000001,305.50800000000004,7332.192000000001
329,2023-05-06,26,15,7,3,4,0.09,1537.05,6148.2,553.338,5594.862
330,2025-03-22,8,48,5,4,2,0.09,1314.41,2628.82,236.59380000000002,2392.2262
331,2024-06-20,15,71,9,1,6,0.08,1723.18,10339.08,827.1264,9511.9536
332,2023-05-25,8,21,1,2,2,0.1,1232.9,2465.8,246.58000000000004,2219.2200000000003
333,2023-01-25,17,42,7,2,5,0.08,1299.78,6498.9,519.912,5978.987999999999
334,2023-03-08,12,26,10,2,6,0.04,365.45,2192.7,87.708,2104.9919999999997
335,2023-08-21,27,14,7,4,4,0.08,4096.34,16385.36,1310.8288,15074.531200000001
336,2023-04-19,8,57,4,3,3,0.01,1377.71,4133.13,41.3313,4091.7987000000003
337,2023-04-21,25,37,9,1,7,0.12,1618.75,11331.25,1359.75,9971.5
338,2023-08-16,14,58,5,2,2,0.17,3375.21,6750.42,1147.5714,5602.8486
339,2023-04-21,4,21,4,1,6,0.15,1858.18,11149.08,1672.3619999999999,9476.718
340,2023-02-03,1,82,7,4,4,0.07,3843.61,15374.44,1076.2108,14298.2292
341,2024-09-14,1,69,4,2,6,0.02,3342.42,20054.52,401.09040000000005,19653.4296
342,2025-01-17,19,3,3,4,4,0.04,2015.01,8060.04,322.40160000000003,7737.6384
343,2024-08-17,16,87,9,3,4,0.11,3595.83,14383.32,1582.1652,12801.1548
344,2024-02-29,14,90,8,4,4,0.04,3571.07,14284.28,571.3712,13712.908800000001
345,2024-09-04,21,37,1,4,9,0.11,3841.13,34570.17,3802.7187,30767.451299999997
346,2024-11-22,16,88,7,3,7,0.05,3822.57,26757.99,1337.8995000000002,25420.090500000002
347,2023-11-11,5,49,9,1,3,0.17,4777.27,14331.810000000001,2436.4077,11895.402300000002
348,2025-05-26,9,19,8,3,3,0.08,4185.08,12555.24,1004.4192,11550.8208
349,2024-10-23,26,89,8,3,6,0.05,1532.5,9195.0,459.75,8735.25
350,2023-10-04,30,85,6,4,6,0.16,726.42,4358.5199999999995,697.3631999999999,3661.1567999999997
351,2024-09-15,28,12,4,1,4,0.07,1230.59,4922.36,344.5652,4577.7948
352,2024-05-30,2,61,8,2,9,0.02,3605.97,32453.73,649.0746,31804.6554
353,2025-04-22,18,41,3,3,4,0.11,847.16,3388.64,372.7504,3015.8896
354,2023-12-16,6,33,9,1,9,0.12,1780.44,16023.960000000001,1922.8752,14101.0848
355,2025-04-02,9,50,2,3,4,0.14,3846.5,15386.0,2154.0400000000004,13231.96
356,2025-01-28,1,68,2,3,2,0.05,3313.61,6627.22,331.36100000000005,6295.859
357,2025-06-17,9,71,7,3,2,0.09,4014.33,8028.66,722.5794,7306.0806
358,2023-08-31,25,86,10,3,5,0.06,2012.89,10064.45,603.8670000000001,9460.583
359,2024-06-26,16,33,4,4,4,0.02,4250.92,17003.68,340.0736,16663.6064
360,2025-11-29,13,81,10,1,7,0.18,498.22,3487.54,627.7572,2859.7828
361,2023-08-17,9,24,8,1,5,0.15,3667.28,18336.4,2750.46,15585.940000000002
362,2024-07-01,21,61,9,1,6,0.06,3762.49,22574.94,1354.4963999999998,21220.4436
363,2025-07-08,13,61,7,3,10,0.12,396.57,3965.7,475.88399999999996,3489.816
364,2023-01-06,9,98,5,4,4,0.04,4405.69,17622.76,704.9104,16917.849599999998
365,2024-04-12,11,28,8,3,2,0.18,2560.67,5121.34,921.8412,4199.4988
366,2023-03-16,4,58,4,3,10,0.02,1819.34,18193.399999999998,363.86799999999994,17829.532
367,2023-01-04,2,43,2,1,9,0.0,3430.93,30878.37,0.0,30878.37
368,2024-10-07,29,41,6,3,10,0.1,3639.04,36390.4,3639.0400000000004,32751.36
369,2023-04-28,6,39,9,2,7,0.12,1840.8,12885.6,1546.272,11339.328000000001
370,2025-05-30,14,86,1,3,4,0.12,3678.65,14714.6,1765.752,12948.848
371,2024-05-18,4,49,10,2,3,0.01,1966.16,5898.4800000000005,58.98480000000001,5839.4952
372,2025-08-04,6,17,7,3,10,0.06,1832.57,18325.7,1099.542,17226.158
373,2024-07-27,19,98,10,4,3,0.1,2156.96,6470.88,647.0880000000001,5823.792
374,2023-07-13,6,70,9,4,9,0.04,2163.07,19467.63,778.7052000000001,18688.9248
375,2025-04-26,2,70,10,1,5,0.17,2852.96,14264.8,2425.016,11839.784
376,2024-12-15,18,98,9,3,3,0.02,837.31,2511.93,50.2386,2461.6913999999997
377,2025-11-15,13,65,10,2,5,0.1,404.69,2023.45,202.34500000000003,1821.105
378,2023-06-22,9,74,3,2,2,0.14,4055.66,8111.32,1135.5848,6975.735199999999
379,2023-11-22,23,85,5,3,4,0.05,587.91,2351.64,117.582,2234.058
380,2025-04-15,19,5,8,2,10,0.12,2117.54,21175.4,2541.0480000000002,18634.352000000003
381,2024-12-24,13,2,8,4,2,0.17,418.21,836.42,142.19140000000002,694.2285999999999
382,2023-08-13,11,22,4,2,2,0.04,2676.5,5353.0,214.12,5138.88
383,2024-06-15,1,57,1,1,8,0.18,4195.66,33565.28,6041.7504,27523.529599999998
384,2023-04-23,24,66,1,4,1,0.11,1647.97,1647.97,181.2767,1466.6933
385,2023-05-20,30,74,4,4,7,0.06,797.86,5585.02,335.1012,5249.9188
386,2024-07-12,22,98,6,4,5,0.09,4709.24,23546.199999999997,2119.1579999999994,21427.041999999998
387,2023-01-01,7,16,8,3,8,0.06,2238.27,17906.16,1074.3696,16831.790399999998
388,2023-03-31,25,51,6,3,1,0.15,1714.02,1714.02,257.103,1456.917
389,2024-10-15,21,39,9,4,7,0.16,4288.77,30021.390000000003,4803.4224,25217.967600000004
390,2023-11-16,15,86,9,3,5,0.17,1662.43,8312.15,1413.0655,6899.0845
391,2023-05-19,1,76,2,2,4,0.2,3362.91,13451.64,2690.328,10761.312
392,2025-04-24,12,88,10,3,7,0.16,405.11,2835.77,453.7232,2382.0468
393,2023-09-16,26,40,1,3,10,0.12,1323.73,13237.3,1588.4759999999999,11648.823999999999
394,2025-06-20,7,38,2,4,2,0.07,2381.92,4763.84,333.46880000000004,4430.3712000000005
395,2024-11-20,15,60,5,1,1,0.11,1934.13,1934.13,212.7543,1721.3757
396,2023-01-10,21,59,4,1,1,0.01,4223.91,4223.91,42.2391,4181.6709
397,2023-09-18,19,10,4,1,1,0.15,2118.1,2118.1,317.715,1800.385
398,2023-06-21,28,99,9,2,5,0.09,1510.74,7553.7,679.833,6873.867
399,2025-06-16,29,64,8,3,10,0.0,3843.0,38430.0,0.0,38430.0
400,2023-01-13,25,63,6,1,7,0.01,1961.51,13730.57,137.3057,13593.264299999999
401,2023-11-17,1,49,1,4,2,0.08,3295.61,6591.22,527.2976,6063.9224
402,2023-11-25,17,64,2,1,10,0.12,1296.53,12965.3,1555.8359999999998,11409.464
403,2025-02-23,17,32,6,1,8,0.09,1479.64,11837.12,1065.3408,10771.7792
404,2025-02-15,3,7,2,3,4,0.12,2929.75,11719.0,1406.28,10312.72
405,2025-06-29,12,21,10,3,3,0.1,397.53,1192.59,119.259,1073.331
406,2023-11-14,6,20,5,3,10,0.13,1757.41,17574.100000000002,2284.6330000000003,15289.467000000002
407,2023-08-24,26,26,5,2,8,0.04,1259.73,10077.84,403.1136,9674.7264
408,2023-11-30,11,68,6,2,2,0.02,2882.8,5765.6,115.31200000000001,5650.2880000000005
409,2024-01-11,3,86,6,1,3,0.12,2423.78,7271.34,872.5608,6398.7792
410,2024-08-10,8,15,6,3,3,0.1,1257.53,3772.59,377.259,3395.331
411,2024-05-27,14,85,2,1,10,0.01,2916.0,29160.0,291.6,28868.4
412,2025-07-06,14,79,10,4,1,0.08,2951.9,2951.9,236.15200000000002,2715.748
413,2025-05-22,10,86,3,4,6,0.02,4768.16,28608.96,572.1792,28036.7808
414,2023-09-27,2,92,6,3,2,0.11,3409.99,6819.98,750.1977999999999,6069.7822
415,2025-03-08,14,14,8,3,1,0.08,3166.91,3166.91,253.3528,2913.5571999999997
416,2024-12-25,9,27,1,4,2,0.12,3758.71,7517.42,902.0903999999999,6615.3296
417,2023-01-05,3,40,1,3,6,0.16,2872.93,17237.579999999998,2758.0128,14479.567199999998
418,2025-04-30,21,58,2,2,4,0.06,3602.62,14410.48,864.6288,13545.8512
419,2023-03-19,26,28,6,2,6,0.19,1408.24,8449.44,1605.3936,6844.0464
420,2024-07-27,8,26,9,3,9,0.11,1397.66,12578.94,1383.6834000000001,11195.2566
421,2023-05-12,16,63,4,4,10,0.12,3497.56,34975.6,4197.072,30778.528
422,2024-08-23,2,66,3,1,10,0.14,3614.87,36148.7,5060.818,31087.881999999998
423,2025-12-01,6,25,8,3,8,0.13,1781.05,14248.4,1852.292,12396.108
424,2023-03-30,28,3,10,3,1,0.1,1371.54,1371.54,137.154,1234.386
425,2024-02-06,21,72,9,1,8,0.09,3757.6,30060.8,2705.4719999999998,27355.328
426,2023-10-23,29,44,5,3,9,0.01,4134.52,37210.68000000001,372.1068000000001,36838.573200000006
427,2024-09-07,26,97,9,1,6,0.0,1314.7,7888.200000000001,0.0,7888.200000000001
428,2025-03-10,25,42,2,4,10,0.07,1803.2,18032.0,1262.24,16769.76
429,2024-02-26,12,99,3,2,5,0.07,432.15,2160.75,151.25250000000003,2009.4975
430,2025-11-12,5,6,7,4,6,0.08,4348.09,26088.54,2087.0832,24001.4568
431,2024-07-28,2,39,7,2,6,0.03,3258.14,19548.84,586.4652,18962.3748
432,2023-05-23,16,52,6,1,9,0.15,3602.96,32426.64,4863.996,27562.644
433,2025-09-19,5,23,6,2,4,0.17,4525.71,18102.84,3077.4828,15025.3572
434,2024-10-26,15,89,2,4,2,0.19,1511.18,3022.36,574.2484000000001,2448.1116
435,2023-05-25,12,50,10,2,9,0.1,342.17,3079.53,307.95300000000003,2771.577
436,2025-10-03,4,43,6,1,2,0.14,1805.36,3610.72,505.5008,3105.2191999999995
437,2024-05-17,15,19,4,2,10,0.17,1651.92,16519.2,2808.264,13710.936000000002
438,2025-03-31,11,69,3,3,9,0.08,2955.22,26596.98,2127.7584,24469.2216
439,2023-04-14,16,51,2,4,2,0.06,4221.78,8443.56,506.61359999999996,7936.9464
440,2025-11-28,23,11,1,3,8,0.19,702.85,5622.8,1068.332,4554.468
441,2023-07-17,6,12,5,1,9,0.1,2088.26,18794.340000000004,1879.4340000000004,16914.906000000003
442,2024-08-01,14,74,2,2,10,0.1,3435.55,34355.5,3435.55,30919.95
443,2024-01-26,18,8,2,3,9,0.04,775.87,6982.83,279.3132,6703.5168
444,2024-07-07,12,24,7,3,10,0.02,411.2,4112.0,82.24,4029.76
445,2025-11-04,27,92,8,2,9,0.17,3478.68,31308.12,5322.3804,25985.7396
446,2024-04-22,11,41,10,2,2,0.12,2537.24,5074.48,608.9376,4465.542399999999
447,2025-07-11,13,36,8,4,4,0.07,485.48,1941.92,135.9344,1805.9856
448,2024-02-24,21,85,4,3,7,0.04,3912.2,27385.399999999998,1095.416,26289.983999999997
449,2023-06-06,23,72,1,3,2,0.11,727.24,1454.48,159.99280000000002,1294.4872
450,2024-07-03,11,55,7,1,1,0.12,2463.97,2463.97,295.67639999999994,2168.2936
451,2025-10-17,23,9,1,4,3,0.04,685.18,2055.54,82.2216,1973.3183999999999
452,2025-09-23,16,47,4,1,4,0.17,3436.14,13744.56,2336.5752,11407.984799999998
453,2025-08-08,15,15,8,3,8,0.02,1781.52,14252.16,285.0432,13967.1168
454,2023-10-16,21,48,2,1,6,0.07,4131.25,24787.5,1735.1250000000002,23052.375
455,2023-07-15,28,82,6,3,2,0.14,1377.44,2754.88,385.68320000000006,2369.1968
456,2024-08-20,15,42,6,3,9,0.05,1619.48,14575.32,728.7660000000001,13846.554
457,2024-05-31,25,60,9,1,2,0.17,1632.89,3265.78,555.1826000000001,2710.5974
458,2025-05-14,4,84,5,1,5,0.15,1594.01,7970.05,1195.5075,6774.5425000000005
459,2025-03-16,11,70,10,2,4,0.16,2735.56,10942.24,1750.7584,9191.4816
460,2025-03-25,19,12,4,2,7,0.02,2403.46,16824.22,336.48440000000005,16487.7356
461,2023-08-16,15,2,5,2,8,0.03,1593.81,12750.48,382.51439999999997,12367.9656
462,2023-08-04,4,7,10,3,5,0.06,1865.11,9325.55,559.5329999999999,8766.017
463,2025-08-05,21,80,5,1,10,0.1,4231.96,42319.6,4231.96,38087.64
464,2023-01-15,13,3,8,4,5,0.15,451.95,2259.75,338.9625,1920.7875
465,2023-02-16,22,3,10,3,2,0.17,4747.96,9495.92,1614.3064000000002,7881.6136
466,2023-11-20,19,27,8,4,8,0.14,2338.74,18709.92,2619.3888,16090.531199999998
467,2025-04-23,2,40,2,1,2,0.19,3061.19,6122.38,1163.2522000000001,4959.1278
468,2023-05-10,14,33,7,3,10,0.15,3130.16,31301.6,4695.24,26606.36
469,2023-04-05,29,92,8,4,6,0.06,3241.58,19449.48,1166.9687999999999,18282.5112
470,2024-09-18,4,1,6,4,8,0.05,1965.55,15724.4,786.22,14938.18
471,2025-01-24,16,8,5,2,6,0.14,4235.54,25413.239999999998,3557.8536,21855.3864
472,2025-03-04,21,32,9,2,4,0.04,4133.22,16532.88,661.3152,15871.5648
473,2023-03-10,20,48,3,2,4,0.02,1569.07,6276.28,125.5256,6150.7544
474,2023-01-11,14,4,10,3,6,0.11,3254.32,19525.920000000002,2147.8512,17378.0688
475,2025-05-21,27,94,4,1,4,0.16,3377.13,13508.52,2161.3632000000002,11347.1568
476,2024-07-03,29,70,9,1,8,0.02,3255.74,26045.92,520.9184,25525.0016
477,2024-12-12,15,19,6,2,9,0.16,1769.96,15929.64,2548.7424,13380.8976
478,2023-01-23,28,32,8,2,1,0.16,1504.19,1504.19,240.6704,1263.5196
479,2025-03-25,3,9,7,2,4,0.1,2932.31,11729.24,1172.924,10556.315999999999
480,2023-12-12,8,12,2,4,4,0.01,1312.74,5250.96,52.5096,5198.4504
481,2023-10-29,16,11,3,2,2,0.03,3448.46,6896.92,206.9076,6690.0124
482,2023-12-29,10,46,1,4,6,0.14,4313.11,25878.659999999996,3623.0123999999996,22255.647599999997
483,2024-01-31,4,16,9,1,3,0.14,1682.35,5047.049999999999,706.587,4340.463
484,2023-08-06,30,1,7,3,7,0.18,782.71,5478.97,986.2146,4492.7554
485,2023-05-21,18,63,1,3,5,0.12,920.68,4603.4,552.4079999999999,4050.9919999999997
486,2025-08-15,2,21,3,3,4,0.02,3162.48,12649.92,252.9984,12396.9216
487,2025-09-11,17,30,4,3,5,0.02,1402.6,7013.0,140.26,6872.74
488,2025-09-19,13,13,4,4,8,0.14,398.4,3187.2,446.208,2740.9919999999997
489,2025-04-07,4,34,5,4,3,0.04,1668.74,5006.22,200.24880000000002,4805.9712
490,2024-11-13,26,4,3,2,7,0.07,1376.63,9636.41,674.5487,8961.8613
491,2025-09-30,25,28,3,4,6,0.1,1672.49,10034.94,1003.4940000000001,9031.446
492,2023-12-22,30,95,1,2,1,0.0,725.82,725.82,0.0,725.82
493,2025-10-04,11,59,7,2,7,0.05,2888.77,20221.39,1011.0695000000001,19210.320499999998
494,2025-06-06,7,27,10,3,7,0.08,2579.39,18055.73,1444.4584,16611.2716
495,2023-05-07,12,69,1,4,1,0.06,345.01,345.01,20.700599999999998,324.3094
496,2025-10-05,10,25,2,4,9,0.03,4218.84,37969.56,1139.0867999999998,36830.4732
497,2024-08-26,7,3,4,2,6,0.15,2511.91,15071.46,2260.7189999999996,12810.741
498,2025-10-10,13,97,4,2,2,0.16,434.03,868.06,138.8896,729.1704
499,2023-02-20,7,68,5,1,5,0.05,2438.72,12193.599999999999,609.68,11583.919999999998
500,2025-11-18,24,25,2,1,4,0.15,1544.02,6176.08,926.4119999999999,5249.668
501,2025-02-17,17,20,4,2,7,0.08,1462.21,10235.470000000001,818.8376000000001,9416.6324
502,2025-03-24,10,34,1,1,8,0.1,4910.45,39283.6,3928.36,35355.24
503,2024-02-24,29,26,2,1,1,0.17,3556.74,3556.74,604.6458,2952.0941999999995
504,2025-09-09,10,5,1,2,5,0.15,4920.29,24601.45,3690.2174999999997,20911.232500000002
505,2025-04-04,24,99,10,2,3,0.16,1470.96,4412.88,706.0608000000001,3706.8192
506,2025-10-21,4,61,10,4,1,0.03,1565.81,1565.81,46.9743,1518.8356999999999
507,2024-07-20,20,92,4,2,3,0.01,1777.36,5332.08,53.3208,5278.7591999999995
508,2024-01-06,4,93,4,2,6,0.18,1800.31,10801.86,1944.3348,8857.5252
509,2025-07-24,22,9,7,3,7,0.08,5050.05,35350.35,2828.028,32522.322
510,2024-10-22,7,50,10,4,8,0.06,2670.87,21366.96,1282.0176,20084.9424
511,2025-08-26,22,6,9,4,4,0.14,5030.96,20123.84,2817.3376000000003,17306.5024
512,2023-07-21,1,83,9,4,3,0.17,4113.87,12341.61,2098.0737000000004,10243.5363
513,2023-11-09,12,60,5,3,5,0.17,395.68,1978.4,336.32800000000003,1642.0720000000001
514,2023-04-27,24,44,10,2,9,0.06,1543.44,13890.960000000001,833.4576000000001,13057.502400000001
515,2025-07-25,13,11,1,4,6,0.17,456.06,2736.36,465.18120000000005,2271.1788
516,2024-07-28,10,66,1,4,9,0.01,5117.84,46060.56,460.6056,45599.954399999995
517,2023-09-01,15,47,6,1,6,0.01,1837.46,11024.76,110.2476,10914.5124
518,2024-06-20,27,73,2,4,2,0.12,3381.23,6762.46,811.4952,5950.9648
519,2023-03-16,13,85,8,2,5,0.01,480.9,2404.5,24.045,2380.455
520,2024-01-21,23,88,9,2,9,0.06,612.25,5510.25,330.615,5179.635
521,2024-04-19,22,98,4,1,8,0.13,4495.24,35961.92,4675.0496,31286.8704
522,2024-02-22,22,86,5,4,7,0.07,4225.47,29578.29,2070.4803,27507.8097
523,2023-12-13,21,3,8,4,1,0.04,4060.54,4060.54,162.4216,3898.1184
524,2024-10-01,22,76,3,4,4,0.06,4984.88,19939.52,1196.3712,18743.1488
525,2025-07-27,28,92,5,3,7,0.09,1278.11,8946.769999999999,805.2092999999999,8141.560699999999
526,2025-08-12,9,30,3,4,7,0.1,3623.56,25364.92,2536.492,22828.428
527,2025-05-25,26,90,10,2,6,0.16,1323.39,7940.34,1270.4544,6669.8856
528,2025-02-01,9,21,3,2,8,0.15,4220.76,33766.08,5064.912,28701.168
529,2024-10-25,15,28,3,3,6,0.09,1646.37,9878.22,889.0397999999999,8989.180199999999
530,2023-01-25,10,90,7,3,10,0.17,4317.63,43176.3,7339.971000000001,35836.329
531,2024-12-10,24,62,7,4,3,0.02,1411.88,4235.64,84.7128,4150.9272
532,2023-06-26,26,33,7,1,4,0.05,1392.73,5570.92,278.546,5292.374
533,2023-10-12,25,85,10,3,3,0.17,1746.0,5238.0,890.46,4347.54
534,2023-03-04,29,35,8,3,1,0.08,3917.92,3917.92,313.4336,3604.4864000000002
535,2025-09-29,10,52,5,4,10,0.2,4087.36,40873.6,8174.72,32698.879999999997
536,2024-10-23,8,34,5,4,5,0.09,1302.51,6512.55,586.1295,5926.4205
537,2024-10-27,24,41,4,3,1,0.16,1432.23,1432.23,229.1568,1203.0732
538,2023-06-05,16,51,7,1,1,0.08,3824.92,3824.92,305.9936,3518.9264000000003
539,2025-12-08,17,47,10,3,2,0.08,1355.42,2710.84,216.86720000000003,2493.9728
540,2025-08-24,26,82,4,4,4,0.08,1471.21,5884.84,470.78720000000004,5414.0528
541,2025-04-28,27,58,2,4,6,0.14,4167.92,25007.52,3501.0528000000004,21506.4672
542,2024-11-19,5,75,4,3,8,0.11,4758.08,38064.64,4187.1104,33877.5296
543,2023-05-28,4,57,8,1,3,0.19,1798.34,5395.0199999999995,1025.0538,4369.9662
544,2023-12-08,18,23,9,3,1,0.05,848.0,848.0,42.400000000000006,805.6
545,2024-04-20,24,48,3,3,3,0.02,1654.77,4964.3099999999995,99.2862,4865.0238
546,2025-12-22,19,22,7,4,3,0.08,2267.36,6802.08,544.1664,6257.9136
547,2024-07-14,4,17,9,1,5,0.12,1622.24,8111.2,973.3439999999999,7137.856
548,2023-11-23,28,69,4,2,4,0.17,1457.01,5828.04,990.7668000000001,4837.2732
549,2025-09-16,7,11,10,1,4,0.07,2483.05,9932.2,695.2540000000001,9236.946
550,2023-08-03,10,94,3,3,9,0.13,4215.77,37941.93000000001,4932.450900000001,33009.479100000004
551,2024-03-10,25,15,5,3,7,0.07,1748.7,12240.9,856.863,11384.037
552,2025-08-09,18,91,1,3,4,0.12,806.25,3225.0,387.0,2838.0
553,2024-12-23,19,35,3,1,3,0.18,2178.41,6535.23,1176.3413999999998,5358.8886
554,2023-02-01,4,33,8,4,6,0.05,1644.62,9867.72,493.38599999999997,9374.333999999999
555,2024-10-31,10,84,8,3,3,0.08,4141.01,12423.03,993.8424000000001,11429.187600000001
556,2023-10-12,1,16,4,3,6,0.2,3381.63,20289.78,4057.956,16231.823999999999
557,2024-03-04,23,34,2,1,9,0.17,681.09,6129.81,1042.0677,5087.7423
558,2023-10-13,18,66,8,2,6,0.11,906.24,5437.4400000000005,598.1184000000001,4839.3216
559,2025-11-08,5,99,8,2,4,0.1,4116.56,16466.24,1646.6240000000003,14819.616000000002
560,2023-01-18,15,40,10,4,5,0.06,1519.9,7599.5,455.96999999999997,7143.53
561,2025-02-07,17,28,4,4,6,0.1,1298.55,7791.299999999999,779.13,7012.169999999999
562,2024-08-12,3,47,3,3,3,0.17,2940.19,8820.57,1499.4969,7321.0731
563,2025-10-06,12,39,2,1,8,0.14,384.98,3079.84,431.17760000000004,2648.6624
564,2023-07-13,2,70,9,3,4,0.06,3218.21,12872.84,772.3704,12100.4696
565,2024-05-16,1,73,1,4,8,0.04,3301.71,26413.68,1056.5472,25357.1328
566,2025-09-14,23,20,7,1,10,0.05,705.34,7053.400000000001,352.6700000000001,6700.7300000000005
567,2023-04-24,21,1,5,1,10,0.03,3904.0,39040.0,1171.2,37868.8
568,2025-08-04,17,72,8,4,3,0.02,1325.34,3976.0199999999995,79.5204,3896.4995999999996
569,2025-04-10,22,87,4,2,10,0.08,4111.15,41111.5,3288.92,37822.58
570,2025-07-13,16,63,7,2,7,0.02,3723.39,26063.73,521.2746,25542.4554
571,2023-02-24,5,67,5,1,9,0.03,4671.99,42047.909999999996,1261.4372999999998,40786.4727
572,2025-03-10,15,4,5,3,4,0.11,1877.08,7508.32,825.9152,6682.404799999999
573,2025-02-16,3,58,9,2,8,0.03,2732.5,21860.0,655.8,21204.2
574,2023-06-11,28,25,9,3,3,0.01,1425.53,4276.59,42.7659,4233.8241
575,2023-03-28,7,47,9,2,7,0.06,2284.78,15993.460000000001,959.6076,15033.852400000002
576,2023-02-24,11,38,6,2,3,0.04,2712.88,8138.64,325.54560000000004,7813.0944
577,2025-10-28,10,15,6,3,7,0.1,4762.01,33334.07,3333.407,30000.663
578,2025-04-12,9,63,5,4,10,0.02,3743.64,37436.4,748.7280000000001,36687.672
579,2023-11-09,14,21,9,2,10,0.15,3611.0,36110.0,5416.5,30693.5
580,2025-01-28,13,99,10,2,6,0.18,415.32,2491.92,448.5456,2043.3744000000002
581,2024-03-18,29,57,8,3,2,0.15,3531.28,7062.56,1059.384,6003.176
582,2023-11-24,25,53,7,4,3,0.11,1905.35,5716.049999999999,628.7655,5087.2845
583,2025-12-13,30,46,7,2,6,0.17,759.8,4558.799999999999,774.996,3783.803999999999
584,2025-01-30,25,14,6,2,4,0.14,1941.8,7767.2,1087.4080000000001,6679.7919999999995
585,2024-08-01,2,100,5,4,6,0.0,2940.18,17641.079999999998,0.0,17641.079999999998
586,2025-12-10,3,76,4,2,1,0.08,2896.74,2896.74,231.73919999999998,2665.0008
587,2025-10-03,7,17,3,4,10,0.17,2548.76,25487.600000000002,4332.892000000001,21154.708000000002
588,2023-04-06,21,39,3,4,1,0.07,3849.01,3849.01,269.43070000000006,3579.5793000000003
589,2025-03-24,18,9,6,3,3,0.01,958.95,2876.8500000000004,28.768500000000003,2848.0815000000002
590,2024-05-05,3,99,4,1,8,0.15,2824.09,22592.72,3388.908,19203.812
591,2024-03-27,10,77,6,4,8,0.16,4134.66,33077.28,5292.3648,27784.9152
592,2023-06-14,22,79,3,3,4,0.03,4847.35,19389.4,581.682,18807.718
593,2023-07-01,29,82,4,1,6,0.11,3329.2,19975.199999999997,2197.2719999999995,17777.927999999996
594,2024-04-13,7,97,9,2,8,0.04,2229.36,17834.88,713.3952,17121.484800000002
595,2025-06-28,9,6,5,1,7,0.14,3948.91,27642.37,3869.9318000000003,23772.438199999997
596,2025-01-04,17,91,7,4,7,0.05,1608.7,11260.9,563.045,10697.855
597,2025-04-02,11,23,10,4,4,0.06,2438.65,9754.6,585.276,9169.324
598,2025-08-01,7,59,2,4,9,0.17,2637.11,23733.99,4034.7783000000004,19699.2117
599,2023-01-07,24,91,5,4,10,0.1,1407.65,14076.5,1407.65,12668.85
600,2023-11-26,28,98,9,4,6,0.13,1424.6,8547.599999999999,1111.1879999999999,7436.411999999998
601,2025-02-13,14,46,3,3,3,0.08,3302.01,9906.03,792.4824000000001,9113.5476
602,2023-05-31,19,38,9,4,5,0.06,2265.54,11327.7,679.662,10648.038
603,2023-05-27,4,14,6,3,5,0.13,1630.75,8153.75,1059.9875,7093.7625
604,2025-07-03,26,100,4,2,5,0.03,1479.18,7395.900000000001,221.877,7174.023
605,2024-11-30,6,72,7,4,8,0.07,2174.08,17392.64,1217.4848000000002,16175.1552
606,2023-03-23,10,62,8,4,9,0.04,4760.51,42844.590000000004,1713.7836000000002,41130.8064
607,2024-05-28,7,35,6,1,9,0.14,2523.88,22714.920000000002,3180.0888000000004,19534.8312
608,2025-03-25,13,19,5,2,6,0.19,497.16,2982.96,566.7624,2416.1976
609,2024-12-09,14,30,6,4,6,0.2,2898.47,17390.82,3478.164,13912.655999999999
610,2025-01-15,4,78,5,4,9,0.09,1862.86,16765.739999999998,1508.9165999999998,15256.823399999997
611,2025-10-19,8,84,8,2,4,0.05,1372.8,5491.2,274.56,5216.639999999999
612,2024-12-07,5,25,1,3,6,0.09,3836.64,23019.84,2071.7856,20948.0544
613,2024-04-15,1,40,7,4,4,0.17,3686.2,14744.8,2506.616,12238.184
614,2024-01-31,4,88,10,1,1,0.04,1631.56,1631.56,65.2624,1566.2975999999999
615,2023-09-18,3,14,10,4,7,0.19,2708.3,18958.100000000002,3602.0390000000007,15356.061000000002
616,2025-03-15,9,26,2,1,10,0.07,4197.68,41976.8,2938.3760000000007,39038.424
617,2025-07-22,8,87,9,1,6,0.2,1189.46,7136.76,1427.352,5709.408
618,2025-06-23,1,22,1,4,9,0.17,3695.45,33259.049999999996,5654.0385,27605.011499999997
619,2025-12-12,27,48,10,4,7,0.16,3543.51,24804.57,3968.7312,20835.838799999998
620,2025-07-28,6,83,6,1,7,0.06,1871.24,13098.68,785.9208,12312.7592
621,2025-05-03,9,51,9,2,2,0.0,3701.99,7403.98,0.0,7403.98
622,2024-08-15,7,3,1,2,9,0.08,2771.67,24945.03,1995.6024,22949.4276
623,2024-12-14,4,42,4,4,10,0.06,1545.81,15458.099999999999,927.4859999999999,14530.613999999998
624,2024-09-23,13,19,4,3,9,0.01,492.58,4433.22,44.3322,4388.8878
625,2023-02-28,17,73,9,2,6,0.1,1457.66,8745.960000000001,874.5960000000001,7871.3640000000005
626,2023-05-08,28,28,5,4,3,0.08,1292.04,3876.12,310.0896,3566.0303999999996
627,2025-01-05,2,84,5,2,1,0.13,3437.57,3437.57,446.88410000000005,2990.6859
628,2024-12-21,28,45,6,3,4,0.12,1351.41,5405.64,648.6768000000001,4756.9632
629,2024-06-09,5,71,1,4,3,0.02,4307.84,12923.52,258.47040000000004,12665.0496
630,2024-06-04,12,78,1,3,1,0.2,348.02,348.02,69.604,278.416
631,2024-07-05,27,63,9,4,3,0.04,3646.81,10940.43,437.6172,10502.8128
632,2023-08-25,21,73,3,3,4,0.09,3625.84,14503.36,1305.3024,13198.0576
633,2024-05-08,8,19,4,2,8,0.1,1099.71,8797.68,879.768,7917.912
634,2023-01-04,6,47,1,2,9,0.16,1866.74,16800.66,2688.1056,14112.5544
635,2024-10-27,8,14,9,3,3,0.02,1122.9,3368.7000000000003,67.37400000000001,3301.3260000000005
636,2024-03-17,18,38,8,3,6,0.09,803.96,4823.76,434.1384,4389.6216
637,2023-01-29,3,53,2,3,10,0.13,2392.62,23926.199999999997,3110.406,20815.793999999998
638,2024-09-01,22,61,8,4,5,0.04,4100.75,20503.75,820.15,19683.6
639,2025-03-15,12,36,7,2,6,0.13,356.58,2139.48,278.1324,1861.3476
640,2023-03-16,29,40,6,4,4,0.18,4166.86,16667.44,3000.1391999999996,13667.300799999999
641,2025-04-17,26,81,1,2,10,0.2,1220.16,12201.6,2440.32,9761.28
642,2023-05-08,3,30,7,1,6,0.01,2756.36,16538.16,165.3816,16372.7784
643,2023-02-11,22,9,10,4,7,0.05,4146.65,29026.549999999996,1451.3274999999999,27575.222499999996
644,2023-02-10,6,64,7,2,9,0.06,2137.82,19240.38,1154.4228,18085.9572
645,2025-07-22,2,33,9,2,10,0.08,2925.22,29252.199999999997,2340.176,26912.023999999998
646,2023-02-03,23,52,1,4,7,0.05,743.1,5201.7,260.085,4941.615
647,2025-11-06,12,89,2,4,6,0.04,396.29,2377.7400000000002,95.10960000000001,2282.6304
648,2025-09-24,2,14,9,2,1,0.19,2850.03,2850.03,541.5057,2308.5243
649,2024-08-10,6,75,9,4,2,0.18,2124.94,4249.88,764.9784,3484.9016
650,2023-12-08,17,53,6,3,1,0.01,1439.77,1439.77,14.3977,1425.3723
651,2023-01-27,3,99,6,4,9,0.07,2505.94,22553.46,1578.7422000000001,20974.7178
652,2024-10-07,2,59,4,4,10,0.08,3473.57,34735.700000000004,2778.856,31956.844000000005
653,2024-12-31,23,78,4,4,10,0.05,738.37,7383.7,369.185,7014.514999999999
654,2023-06-17,30,94,5,2,9,0.13,731.41,6582.69,855.7497,5726.940299999999
655,2024-09-01,20,41,3,3,7,0.13,1672.74,11709.18,1522.1934,10186.9866
656,2023-09-25,8,68,1,1,2,0.17,1341.58,2683.16,456.1372,2227.0227999999997
657,2025-03-31,22,68,1,1,6,0.15,4762.22,28573.32,4285.998,24287.322
658,2024-03-30,12,92,7,3,4,0.11,423.08,1692.32,186.1552,1506.1648
659,2025-06-24,26,8,1,3,1,0.13,1460.67,1460.67,189.8871,1270.7829000000002
660,2025-07-10,4,2,1,3,1,0.05,1648.65,1648.65,82.4325,1566.2175000000002
661,2025-09-07,5,86,3,2,5,0.12,4773.78,23868.899999999998,2864.2679999999996,21004.631999999998
662,2024-12-02,13,41,10,1,2,0.1,405.18,810.36,81.036,729.3240000000001
663,2024-09-25,29,55,4,3,4,0.03,3489.11,13956.44,418.6932,13537.7468
664,2023-05-10,15,16,4,2,1,0.05,1728.68,1728.68,86.43400000000001,1642.246
665,2025-10-16,25,93,2,1,4,0.06,1880.0,7520.0,451.2,7068.8
666,2025-03-29,23,62,1,4,6,0.18,586.35,3518.1000000000004,633.258,2884.8420000000006
667,2024-11-23,16,48,3,2,10,0.05,4104.21,41042.1,2052.105,38989.994999999995
668,2025-03-04,10,30,4,1,4,0.06,4413.04,17652.16,1059.1296,16593.0304
669,2023-01-29,30,12,3,2,1,0.07,717.22,717.22,50.205400000000004,667.0146
670,2023-05-29,30,35,8,1,7,0.13,791.2,5538.400000000001,719.9920000000001,4818.408
671,2023-01-11,25,11,10,1,2,0.02,1793.78,3587.56,71.7512,3515.8088
672,2024-11-06,23,64,1,4,9,0.19,591.68,5325.12,1011.7728,4313.3472
673,2023-07-06,16,50,2,2,3,0.17,3524.97,10574.91,1797.7347000000002,8777.175299999999
674,2025-03-17,12,85,7,3,8,0.12,429.55,3436.4,412.368,3024.032
675,2025-01-13,17,21,4,4,8,0.13,1278.21,10225.68,1329.3384,8896.3416
676,2023-04-08,16,69,8,4,3,0.0,3696.11,11088.33,0.0,11088.33
677,2023-02-24,12,48,3,1,4,0.07,385.91,1543.64,108.05480000000001,1435.5852
678,2024-09-14,8,20,6,3,2,0.16,1249.1,2498.2,399.712,2098.488
679,2024-10-25,20,67,9,2,4,0.02,1536.14,6144.56,122.89120000000001,6021.6688
680,2025-01-27,3,44,1,3,9,0.06,2664.77,23982.93,1438.9758,22543.9542
681,2024-02-10,16,33,1,3,2,0.12,3723.76,7447.52,893.7024,6553.8176
682,2023-03-10,30,73,8,3,3,0.05,821.07,2463.21,123.16050000000001,2340.0495
683,2025-01-20,13,61,3,3,4,0.19,411.29,1645.16,312.5804,1332.5796
684,2025-08-15,23,9,5,3,5,0.03,642.87,3214.35,96.4305,3117.9195
685,2023-12-31,28,68,1,1,1,0.16,1321.65,1321.65,211.46400000000003,1110.1860000000001
686,2024-04-26,19,35,5,1,7,0.1,2108.76,14761.320000000002,1476.1320000000003,13285.188000000002
687,2023-07-20,8,81,6,4,10,0.15,1303.07,13030.699999999999,1954.6049999999998,11076.095
688,2023-06-03,22,98,8,1,7,0.06,4231.23,29618.609999999997,1777.1165999999998,27841.493399999996
689,2023-03-14,5,88,3,4,9,0.1,4008.34,36075.06,3607.506,32467.553999999996
690,2024-12-13,20,96,3,4,4,0.17,1854.09,7416.36,1260.7812000000001,6155.578799999999
691,2023-10-23,8,65,10,2,6,0.09,1251.29,7507.74,675.6966,6832.0434
692,2025-11-06,24,8,9,3,2,0.07,1500.29,3000.58,210.0406,2790.5394
693,2023-03-02,12,45,4,1,4,0.11,353.71,1414.84,155.6324,1259.2076
694,2025-07-27,1,87,4,2,2,0.14,3441.2,6882.4,963.5360000000001,5918.864
695,2023-02-11,25,47,7,1,10,0.09,1623.28,16232.8,1460.9519999999998,14771.848
696,2023-01-25,30,40,2,4,5,0.19,659.39,3296.95,626.4205,2670.5294999999996
697,2025-11-28,21,76,8,1,7,0.06,3931.89,27523.23,1651.3937999999998,25871.836199999998
698,2023-05-11,20,54,6,3,1,0.1,1925.4,1925.4,192.54000000000002,1732.8600000000001
699,2023-04-18,6,76,3,4,10,0.15,1831.47,18314.7,2747.205,15567.495
700,2023-06-21,22,46,9,4,10,0.14,4359.04,43590.4,6102.656000000001,37487.744
701,2023-04-12,18,47,5,2,7,0.17,773.74,5416.18,920.7506000000001,4495.4294
702,2025-05-15,8,15,8,3,10,0.2,1216.36,12163.599999999999,2432.72,9730.88
703,2024-06-07,7,19,7,4,6,0.09,2235.52,13413.119999999999,1207.1807999999999,12205.939199999999
704,2023-10-02,1,26,8,3,6,0.02,4122.5,24735.0,494.7,24240.3
705,2025-12-03,21,52,7,1,8,0.01,4044.58,32356.64,323.5664,32033.0736
706,2025-03-27,16,93,3,3,8,0.15,4305.73,34445.84,5166.875999999999,29278.963999999996
707,2025-08-14,12,22,2,4,6,0.17,422.5,2535.0,430.95000000000005,2104.05
708,2025-11-06,6,21,7,2,3,0.04,1921.34,5764.0199999999995,230.56079999999997,5533.459199999999
709,2023-11-26,20,51,3,4,5,0.03,1762.23,8811.15,264.3345,8546.815499999999
710,2023-01-12,2,38,3,3,2,0.01,3004.13,6008.26,60.082600000000006,5948.1774000000005
711,2023-08-04,29,20,2,3,5,0.16,3668.85,18344.25,2935.08,15409.17
712,2023-12-05,14,29,4,4,9,0.06,3629.86,32668.74,1960.1244,30708.6156
713,2024-10-22,4,51,8,3,10,0.08,1563.8,15638.0,1251.04,14386.96
714,2024-01-09,1,4,1,1,1,0.1,4072.07,4072.07,407.20700000000005,3664.8630000000003
715,2025-09-02,23,55,1,4,10,0.17,640.67,6406.7,1089.1390000000001,5317.561
716,2024-12-10,18,71,5,2,5,0.13,941.5,4707.5,611.975,4095.525
717,2024-04-10,13,92,5,4,6,0.12,499.15,2994.8999999999996,359.3879999999999,2635.5119999999997
718,2024-05-03,2,28,1,1,7,0.04,3395.08,23765.559999999998,950.6224,22814.937599999997
719,2023-02-16,9,4,6,1,9,0.1,4212.73,37914.56999999999,3791.4569999999994,34123.11299999999
720,2025-02-16,21,22,1,1,6,0.14,3831.01,22986.06,3218.0484000000006,19768.0116
721,2025-11-05,2,76,5,1,5,0.19,3529.13,17645.65,3352.6735000000003,14292.9765
722,2024-12-11,27,45,9,1,7,0.04,4183.21,29282.47,1171.2988,28111.1712
723,2024-02-05,25,67,5,2,1,0.0,1976.8,1976.8,0.0,1976.8
724,2025-09-07,9,86,6,3,5,0.02,4169.75,20848.75,416.975,20431.775
725,2023-09-07,1,66,8,1,2,0.08,3832.46,7664.92,613.1936000000001,7051.7264
726,2024-01-26,11,88,1,1,4,0.16,2886.31,11545.24,1847.2384,9698.0016
727,2023-12-01,3,34,2,4,7,0.0,2691.44,18840.08,0.0,18840.08
728,2024-09-20,20,91,9,2,5,0.09,1886.81,9434.05,849.0645,8584.985499999999
729,2023-05-17,30,55,3,2,6,0.07,736.03,4416.18,309.1326,4107.0474
730,2025-06-01,23,1,6,3,2,0.01,594.22,1188.44,11.884400000000001,1176.5556000000001
731,2024-11-18,26,72,5,2,3,0.09,1353.17,4059.51,365.3559,3694.1541
732,2025-04-06,4,87,2,4,7,0.05,1737.13,12159.91,607.9955,11551.914499999999
733,2024-12-27,18,38,7,4,2,0.07,779.31,1558.62,109.10340000000001,1449.5166
734,2024-08-16,23,6,4,3,6,0.14,600.9,3605.3999999999996,504.756,3100.644
735,2025-09-16,6,86,1,4,5,0.1,1951.55,9757.75,975.7750000000001,8781.975
736,2024-01-07,3,25,4,1,10,0.02,2387.71,23877.1,477.542,23399.557999999997
737,2025-07-23,22,82,6,1,1,0.19,4330.79,4330.79,822.8501,3507.9399
738,2025-09-21,11,17,7,4,10,0.13,2816.71,28167.1,3661.723,24505.377
739,2024-02-06,15,61,7,3,4,0.15,1919.71,7678.84,1151.826,6527.014
740,2024-09-06,22,12,7,2,2,0.02,4803.31,9606.62,192.13240000000002,9414.4876
741,2025-09-21,28,6,3,3,4,0.01,1514.91,6059.64,60.5964,5999.0436
742,2024-09-11,5,90,6,2,1,0.0,4522.45,4522.45,0.0,4522.45
743,2023-07-07,20,27,8,4,2,0.04,1663.2,3326.4,133.056,3193.344
744,2023-05-11,10,8,4,4,8,0.08,4767.82,38142.56,3051.4048,35091.1552
745,2025-03-15,12,83,8,1,6,0.19,405.09,2430.54,461.8026,1968.7374
746,2025-07-24,15,65,2,2,2,0.09,1664.84,3329.68,299.6712,3030.0087999999996
747,2025-09-12,17,57,10,3,6,0.06,1259.34,7556.039999999999,453.3623999999999,7102.677599999999
748,2023-07-02,10,93,9,4,10,0.11,4803.42,48034.2,5283.762,42750.437999999995
749,2025-09-09,6,99,9,3,9,0.02,1703.09,15327.81,306.5562,15021.253799999999
750,2023-12-30,18,40,8,1,7,0.12,884.07,6188.490000000001,742.6188000000001,5445.8712000000005
751,2023-02-08,13,14,10,2,9,0.11,411.79,3706.11,407.6721,3298.4379
752,2024-05-11,3,35,10,2,5,0.16,2707.69,13538.45,2166.152,11372.298
753,2025-09-08,30,48,1,4,7,0.2,735.12,5145.84,1029.1680000000001,4116.6720000000005
754,2025-07-09,24,84,2,2,7,0.05,1346.38,9424.66,471.233,8953.427
755,2024-12-22,10,56,6,4,3,0.1,4414.48,13243.439999999999,1324.344,11919.095999999998
756,2023-01-16,30,49,10,1,7,0.18,752.96,5270.72,948.7296,4321.990400000001
757,2024-05-07,14,13,5,2,1,0.16,3584.99,3584.99,573.5984,3011.3916
758,2025-06-12,6,61,9,4,9,0.1,2122.35,19101.149999999998,1910.1149999999998,17191.034999999996
759,2023-11-07,3,49,5,3,10,0.19,2653.24,26532.399999999998,5041.156,21491.244
760,2025-01-08,16,46,2,4,6,0.01,4054.21,24325.260000000002,243.25260000000003,24082.007400000002
761,2024-06-29,7,62,10,2,5,0.19,2412.0,12060.0,2291.4,9768.6
762,2024-02-18,20,8,4,1,7,0.01,1684.41,11790.87,117.90870000000001,11672.9613
763,2023-09-08,14,43,9,2,5,0.11,3045.72,15228.599999999999,1675.146,13553.453999999998
764,2025-01-28,9,20,1,2,10,0.18,4109.07,41090.7,7396.325999999999,33694.373999999996
765,2025-11-28,15,97,1,4,5,0.05,1640.26,8201.3,410.065,7791.235
766,2025-03-24,21,90,7,3,10,0.09,3473.97,34739.7,3126.5729999999994,31613.126999999997
767,2023-01-29,3,39,3,2,7,0.06,2787.21,19510.47,1170.6282,18339.841800000002
768,2025-08-15,2,85,10,3,10,0.19,3425.11,34251.1,6507.709,27743.391
769,2024-04-21,27,49,2,4,7,0.16,3619.13,25333.91,4053.4256,21280.4844
770,2023-11-14,2,64,9,3,3,0.14,2911.45,8734.349999999999,1222.809,7511.540999999998
771,2023-09-02,3,62,3,4,3,0.12,2614.91,7844.73,941.3675999999999,6903.3624
772,2025-01-17,18,54,2,1,10,0.16,843.66,8436.6,1349.856,7086.744000000001
773,2024-11-27,14,9,8,3,3,0.08,3436.65,10309.95,824.796,9485.154
774,2023-09-29,20,88,10,3,6,0.09,1672.68,10036.08,903.2471999999999,9132.8328
775,2024-01-12,18,37,6,1,6,0.15,895.08,5370.4800000000005,805.572,4564.908
776,2023-09-23,10,49,6,3,3,0.07,4995.74,14987.22,1049.1054000000001,13938.114599999999
777,2025-07-14,25,41,10,1,3,0.01,1728.21,5184.63,51.8463,5132.7837
778,2025-07-09,2,17,7,2,8,0.01,3645.84,29166.72,291.66720000000004,28875.0528
779,2023-12-06,25,88,7,4,8,0.02,1797.06,14376.48,287.5296,14088.9504
780,2024-01-24,29,21,6,1,7,0.17,3488.48,24419.36,4151.291200000001,20268.0688
781,2024-07-30,22,51,4,3,10,0.09,4465.82,44658.2,4019.2379999999994,40638.962
782,2023-01-03,1,59,9,1,4,0.14,3354.29,13417.16,1878.4024000000002,11538.757599999999
783,2024-01-11,4,39,6,3,4,0.08,1596.76,6387.04,510.96320000000003,5876.0768
784,2023-11-20,14,55,4,2,3,0.05,3227.06,9681.18,484.059,9197.121000000001
785,2023-05-26,1,41,3,1,5,0.07,3977.71,19888.55,1392.1985000000002,18496.3515
786,2023-10-20,14,39,4,2,3,0.16,3627.62,10882.86,1741.2576000000001,9141.6024
787,2024-03-07,16,13,3,4,8,0.13,3993.23,31945.84,4152.9592,27792.8808
788,2024-12-05,22,64,2,3,7,0.19,4105.62,28739.34,5460.4746000000005,23278.8654
789,2025-08-06,14,11,5,3,3,0.14,3439.41,10318.23,1444.5522,8873.6778
790,2024-08-07,29,19,2,2,9,0.11,3829.41,34464.69,3791.1159000000002,30673.5741
791,2024-02-03,20,11,6,4,5,0.12,1887.65,9438.25,1132.59,8305.66
792,2025-03-27,3,77,3,1,9,0.19,2880.62,25925.579999999998,4925.8602,20999.7198
793,2025-08-21,3,46,6,1,7,0.16,2909.22,20364.539999999997,3258.3263999999995,17106.2136
794,2023-07-06,9,45,10,3,7,0.0,3959.54,27716.78,0.0,27716.78
795,2023-03-02,6,1,9,2,6,0.11,2030.09,12180.539999999999,1339.8593999999998,10840.6806
796,2025-07-27,25,40,1,2,2,0.14,1742.44,3484.88,487.88320000000004,2996.9968
797,2024-12-10,13,19,6,1,9,0.15,505.73,4551.57,682.7354999999999,3868.8345
798,2025-03-17,21,76,9,4,6,0.04,3562.13,21372.78,854.9112,20517.8688
799,2023-01-11,2,72,4,4,8,0.17,2857.23,22857.84,3885.8328,18972.0072
800,2025-12-21,8,72,2,1,1,0.19,1141.35,1141.35,216.85649999999998,924.4934999999999
801,2023-08-14,21,61,4,1,5,0.05,4144.18,20720.9,1036.045,19684.855000000003
802,2024-07-17,2,12,1,2,1,0.18,3212.68,3212.68,578.2823999999999,2634.3976
803,2025-02-10,4,61,3,4,10,0.02,1738.48,17384.8,347.69599999999997,17037.104
804,2025-06-03,25,33,10,1,8,0.01,2060.0,16480.0,164.8,16315.2
805,2023-08-14,15,45,9,1,8,0.03,1900.44,15203.52,456.1056,14747.4144
806,2025-04-04,4,90,10,3,1,0.01,1678.45,1678.45,16.7845,1661.6655
807,2023-08-06,13,92,5,1,9,0.17,416.9,3752.1,637.8570000000001,3114.243
808,2025-07-25,28,69,6,1,2,0.01,1466.31,2932.62,29.3262,2903.2938
809,2025-01-22,12,8,3,4,9,0.05,424.74,3822.66,191.133,3631.527
810,2024-05-20,28,25,5,2,1,0.02,1362.83,1362.83,27.2566,1335.5734
811,2023-09-16,13,91,8,4,10,0.06,464.15,4641.5,278.49,4363.01
812,2023-02-23,14,46,6,2,9,0.02,3097.2,27874.8,557.496,27317.304
813,2025-12-06,20,87,4,3,4,0.13,1885.47,7541.88,980.4444000000001,6561.4356
814,2024-12-27,18,30,2,1,9,0.03,884.27,7958.43,238.7529,7719.6771
815,2024-11-19,29,47,9,3,7,0.17,3707.25,25950.75,4411.6275000000005,21539.122499999998
816,2025-11-09,28,87,1,2,6,0.16,1200.47,7202.82,1152.4512,6050.3688
817,2024-02-23,6,49,1,4,5,0.0,2135.55,10677.75,0.0,10677.75
818,2024-11-20,29,47,4,4,9,0.18,3810.91,34298.19,6173.6742,28124.5158
819,2025-04-29,11,84,7,3,2,0.01,2450.47,4900.94,49.0094,4851.9306
820,2023-03-03,30,82,1,2,2,0.05,753.93,1507.86,75.393,1432.4669999999999
821,2023-08-04,2,18,9,3,9,0.01,3400.46,30604.14,306.0414,30298.0986
822,2023-01-03,28,66,4,3,3,0.07,1357.49,4072.4700000000003,285.07290000000006,3787.3971
823,2023-06-09,23,68,3,1,8,0.1,703.58,5628.64,562.864,5065.776
824,2025-02-19,19,94,1,3,9,0.16,2212.15,19909.350000000002,3185.4960000000005,16723.854000000003
825,2025-06-11,19,33,10,1,8,0.07,2410.69,19285.52,1349.9864000000002,17935.5336
826,2023-11-25,5,36,4,1,4,0.14,3828.04,15312.16,2143.7024,13168.4576
827,2024-08-02,19,82,9,4,1,0.04,1954.59,1954.59,78.1836,1876.4063999999998
828,2025-08-09,2,19,10,1,4,0.15,2990.37,11961.48,1794.222,10167.258
829,2024-09-26,10,28,6,1,9,0.05,4788.53,43096.77,2154.8385,40941.9315
830,2025-09-14,25,40,6,4,2,0.03,1916.92,3833.84,115.01520000000001,3718.8248000000003
831,2025-07-09,2,84,1,3,3,0.04,3575.14,10725.42,429.0168,10296.4032
832,2025-01-07,30,97,10,2,10,0.04,777.16,7771.599999999999,310.864,7460.736
833,2023-06-19,11,76,2,2,8,0.1,2659.94,21279.52,2127.952,19151.568
834,2024-06-04,18,15,6,2,6,0.17,961.25,5767.5,980.475,4787.025
835,2023-02-09,29,41,2,3,8,0.02,3487.42,27899.36,557.9872,27341.3728
836,2025-08-12,24,39,3,1,7,0.14,1660.48,11623.36,1627.2704000000003,9996.0896
837,2025-09-10,15,2,4,2,5,0.13,1688.52,8442.6,1097.538,7345.062
838,2025-09-01,9,63,5,3,9,0.17,4196.86,37771.74,6421.1958,31350.544199999997
839,2023-02-07,23,29,9,1,4,0.05,705.11,2820.44,141.02200000000002,2679.418
840,2023-11-24,19,74,4,4,6,0.09,2240.49,13442.939999999999,1209.8645999999999,12233.075399999998
841,2025-07-02,9,66,9,2,2,0.19,3682.74,7365.48,1399.4412,5966.038799999999
842,2024-03-29,3,51,10,1,2,0.13,2626.01,5252.02,682.7626000000001,4569.2574
843,2023-02-06,21,75,3,2,2,0.08,3936.35,7872.7,629.816,7242.884
844,2025-08-30,9,77,8,2,10,0.03,4399.49,43994.899999999994,1319.8469999999998,42675.05299999999
845,2025-03-06,28,10,1,2,7,0.05,1329.8,9308.6,465.43000000000006,8843.17
846,2025-08-30,30,14,9,1,2,0.12,811.28,1622.56,194.7072,1427.8528
847,2024-08-15,14,82,9,3,2,0.14,3248.44,6496.88,909.5632,5587.3168000000005
848,2025-11-29,19,51,10,1,9,0.02,2194.44,19749.96,394.9992,19354.9608
849,2023-08-12,7,73,2,2,7,0.12,2715.25,19006.75,2280.81,16725.94
850,2023-11-14,16,39,4,1,3,0.11,3914.85,11744.55,1291.9005,10452.6495
851,2023-12-15,16,28,8,4,3,0.1,4276.46,12829.380000000001,1282.938,11546.442000000001
852,2023-04-25,28,3,7,3,7,0.14,1402.87,9820.09,1374.8126000000002,8445.277399999999
853,2024-11-28,1,84,1,1,5,0.17,3753.99,18769.949999999997,3190.8914999999997,15579.058499999997
854,2025-11-29,4,70,5,4,10,0.06,1551.79,15517.9,931.074,14586.826
855,2023-02-09,4,27,7,3,6,0.18,1723.61,10341.66,1861.4987999999998,8480.1612
856,2023-08-04,7,2,4,4,8,0.03,2401.13,19209.04,576.2712,18632.7688
857,2023-12-02,8,93,1,3,9,0.03,1328.81,11959.289999999999,358.77869999999996,11600.511299999998
858,2023-04-02,17,38,9,1,1,0.05,1327.56,1327.56,66.378,1261.182
859,2023-12-19,5,3,5,4,3,0.02,3991.26,11973.78,239.47560000000001,11734.3044
860,2024-07-24,7,16,2,2,7,0.05,2331.78,16322.460000000001,816.123,15506.337000000001
861,2025-03-26,28,94,8,4,6,0.02,1222.56,7335.36,146.7072,7188.6528
862,2025-02-19,20,40,2,3,7,0.16,1670.75,11695.25,1871.24,9824.01
863,2023-12-29,29,2,3,1,8,0.03,4061.36,32490.88,974.7264,31516.1536
864,2024-07-10,20,81,10,3,6,0.15,1874.13,11244.78,1686.717,9558.063
865,2023-12-22,4,41,1,4,3,0.01,1865.2,5595.6,55.956,5539.644
866,2023-07-10,28,12,2,4,2,0.19,1449.06,2898.12,550.6428,2347.4772
867,2024-02-26,6,35,7,2,7,0.14,1822.89,12760.230000000001,1786.4322000000004,10973.7978
868,2024-11-30,7,65,10,1,1,0.0,2772.86,2772.86,0.0,2772.86
869,2023-01-07,18,55,2,1,3,0.15,778.38,2335.14,350.27099999999996,1984.869
870,2023-05-13,5,45,6,4,4,0.1,4132.51,16530.04,1653.0040000000001,14877.036
871,2024-07-10,20,79,3,1,1,0.16,1791.63,1791.63,286.66080000000005,1504.9692
872,2025-04-05,30,90,4,2,5,0.1,661.49,3307.45,330.745,2976.705
873,2025-01-30,29,85,8,3,10,0.13,3917.1,39171.0,5092.2300000000005,34078.77
874,2025-11-20,3,62,3,1,3,0.16,2588.91,7766.73,1242.6768,6524.053199999999
875,2024-06-18,7,49,10,4,2,0.08,2707.74,5415.48,433.23839999999996,4982.241599999999
876,2024-03-01,27,95,6,3,3,0.0,3743.74,11231.22,0.0,11231.22
877,2024-11-02,28,25,1,3,8,0.17,1241.19,9929.52,1688.0184000000002,8241.5016
878,2023-12-29,22,23,7,2,6,0.08,4822.55,28935.300000000003,2314.824,26620.476000000002
879,2023-03-23,14,24,8,4,7,0.1,3093.27,21652.89,2165.289,19487.601
880,2023-12-22,7,38,8,1,6,0.0,2522.19,15133.14,0.0,15133.14
881,2024-08-11,5,28,3,4,6,0.1,3851.56,23109.36,2310.936,20798.424
882,2023-10-22,29,21,10,3,3,0.2,3813.14,11439.42,2287.884,9151.536
883,2025-12-05,22,54,1,4,8,0.06,4744.08,37952.64,2277.1584,35675.4816
884,2023-01-17,5,18,9,1,7,0.08,4178.11,29246.769999999997,2339.7416,26907.028399999996
885,2023-12-26,30,36,6,1,7,0.14,817.83,5724.81,801.4734000000001,4923.3366000000005
886,2025-05-15,23,99,9,2,6,0.16,729.61,4377.66,700.4256,3677.2344
887,2024-11-30,2,45,7,1,5,0.08,3425.26,17126.300000000003,1370.1040000000003,15756.196000000004
888,2024-03-23,30,73,1,1,10,0.06,773.63,7736.3,464.178,7272.122
889,2025-05-05,27,53,1,4,8,0.19,3518.25,28146.0,5347.74,22798.260000000002
890,2023-12-31,21,30,6,4,5,0.14,4028.79,20143.95,2820.1530000000002,17323.797
891,2024-11-05,22,60,5,3,9,0.02,4211.52,37903.68000000001,758.0736000000002,37145.606400000004
892,2025-10-04,6,98,9,2,9,0.01,1762.24,15860.16,158.6016,15701.5584
893,2024-04-11,15,32,2,4,1,0.1,1934.77,1934.77,193.477,1741.293
894,2024-02-18,21,67,8,1,6,0.04,3995.41,23972.46,958.8984,23013.5616
895,2024-08-08,10,67,5,3,7,0.05,4492.33,31446.309999999998,1572.3155,29873.994499999997
896,2025-09-20,23,28,2,4,3,0.18,631.87,1895.6100000000001,341.20980000000003,1554.4002
897,2024-07-25,26,44,10,2,7,0.02,1429.81,10008.67,200.17340000000002,9808.4966
898,2023-12-01,24,79,6,2,7,0.14,1360.2,9521.4,1332.996,8188.4039999999995
899,2023-02-06,7,41,10,3,2,0.05,2271.84,4543.68,227.18400000000003,4316.496
900,2025-09-15,5,63,8,3,7,0.15,3805.59,26639.13,3995.8695,22643.2605
901,2023-10-05,1,23,4,3,1,0.14,3732.03,3732.03,522.4842000000001,3209.5458
902,2025-07-04,13,75,2,3,5,0.0,460.91,2304.55,0.0,2304.55
903,2024-04-28,21,48,5,3,9,0.1,3452.76,31074.840000000004,3107.4840000000004,27967.356000000003
904,2024-12-31,26,32,2,1,7,0.03,1470.67,10294.69,308.8407,9985.8493
905,2023-07-11,18,57,2,1,7,0.17,798.3,5588.099999999999,949.977,4638.123
906,2025-11-06,13,100,6,4,2,0.17,470.42,940.84,159.9428,780.8972
907,2024-06-07,21,33,10,2,8,0.08,4343.85,34750.8,2780.0640000000003,31970.736000000004
908,2025-07-06,21,24,9,1,3,0.09,4062.02,12186.06,1096.7454,11089.3146
909,2024-02-05,18,39,4,1,8,0.06,938.0,7504.0,450.24,7053.76
910,2025-06-04,5,34,6,1,3,0.14,4791.6,14374.800000000001,2012.4720000000004,12362.328000000001
911,2024-12-05,13,56,7,4,10,0.07,448.11,4481.1,313.6770000000001,4167.423000000001
912,2023-01-22,4,28,6,3,7,0.05,1850.7,12954.9,647.745,12307.154999999999
913,2024-04-18,17,37,8,4,2,0.09,1558.0,3116.0,280.44,2835.56
914,2023-07-29,3,7,4,2,4,0.02,2568.5,10274.0,205.48000000000002,10068.52
915,2023-11-02,17,68,1,2,6,0.15,1346.58,8079.48,1211.9219999999998,6867.558
916,2024-12-04,28,37,7,2,9,0.0,1499.39,13494.51,0.0,13494.51
917,2024-11-17,11,56,3,2,5,0.13,2804.58,14022.9,1822.977,12199.922999999999
918,2023-10-12,21,65,6,1,9,0.04,3605.12,32446.079999999998,1297.8432,31148.2368
919,2024-12-16,20,65,2,1,5,0.05,1731.28,8656.4,432.82,8223.58
920,2025-02-01,23,47,9,4,10,0.13,716.65,7166.5,931.645,6234.855
921,2025-08-05,21,20,1,3,8,0.2,3922.41,31379.28,6275.856,25103.424
922,2024-01-16,26,19,6,2,1,0.16,1445.84,1445.84,231.3344,1214.5056
923,2024-04-04,30,29,6,4,7,0.05,780.99,5466.93,273.34650000000005,5193.583500000001
924,2025-10-27,4,74,5,1,4,0.04,1815.33,7261.32,290.45279999999997,6970.8672
925,2023-01-29,2,60,5,1,5,0.17,3288.62,16443.1,2795.3269999999998,13647.773
926,2025-06-25,20,18,1,3,6,0.09,1863.03,11178.18,1006.0362,10172.1438
927,2025-11-22,16,92,10,3,5,0.03,4053.39,20266.95,608.0085,19658.9415
928,2025-05-28,28,35,5,3,1,0.17,1392.59,1392.59,236.7403,1155.8497
929,2023-03-20,18,43,2,4,9,0.16,825.99,7433.91,1189.4256,6244.484399999999
930,2025-08-04,8,95,7,1,2,0.2,1221.74,2443.48,488.696,1954.784
931,2024-04-03,3,91,3,1,9,0.18,2977.31,26795.79,4823.2422,21972.5478
932,2024-07-23,9,11,4,3,10,0.17,3654.29,36542.9,6212.293000000001,30330.607
933,2025-01-07,29,49,3,2,2,0.01,3489.64,6979.28,69.7928,6909.4872
934,2024-05-30,20,38,3,3,9,0.02,1750.27,15752.43,315.0486,15437.3814
935,2024-02-01,29,64,4,4,6,0.11,4015.81,24094.86,2650.4346,21444.4254
936,2023-02-08,6,69,5,3,9,0.11,1771.75,15945.75,1754.0325,14191.7175
937,2025-06-05,10,8,1,3,6,0.09,4316.3,25897.800000000003,2330.802,23566.998000000003
938,2025-03-07,21,34,4,4,6,0.08,3455.97,20735.82,1658.8656,19076.9544
939,2023-06-06,10,48,8,3,2,0.09,4806.6,9613.2,865.188,8748.012
940,2025-06-02,13,56,10,1,8,0.11,420.17,3361.36,369.74960000000004,2991.6104
941,2025-08-31,17,76,7,2,3,0.0,1392.15,4176.450000000001,0.0,4176.450000000001
942,2025-11-11,9,65,9,3,7,0.05,3989.45,27926.149999999998,1396.3075,26529.8425
943,2025-04-28,17,31,5,4,5,0.1,1572.09,7860.45,786.0450000000001,7074.405
944,2025-01-17,24,4,10,2,3,0.14,1498.82,4496.46,629.5044,3866.9556000000002
945,2025-09-15,9,50,4,4,1,0.03,3687.51,3687.51,110.6253,3576.8847
946,2023-01-21,9,69,8,2,8,0.11,4071.0,32568.0,3582.48,28985.52
947,2023-10-30,1,30,9,2,3,0.14,4164.83,12494.49,1749.2286000000001,10745.2614
948,2025-05-18,2,88,7,3,2,0.09,3343.66,6687.32,601.8588,6085.4612
949,2023-03-25,28,59,7,1,1,0.01,1511.8,1511.8,15.118,1496.682
950,2024-07-23,16,67,5,3,4,0.09,4162.25,16649.0,1498.4099999999999,15150.59
951,2025-07-22,29,75,4,4,8,0.06,3274.3,26194.4,1571.664,24622.736
952,2025-10-05,1,45,10,4,3,0.19,3880.62,11641.86,2211.9534000000003,9429.9066
953,2025-03-03,10,4,1,2,1,0.02,4327.52,4327.52,86.55040000000001,4240.9696
954,2025-03-02,18,26,10,2,4,0.13,868.76,3475.04,451.7552,3023.2848
955,2024-05-06,26,27,10,1,9,0.01,1316.72,11850.48,118.5048,11731.975199999999
956,2023-07-27,28,46,7,3,1,0.09,1297.84,1297.84,116.80559999999998,1181.0344
957,2025-12-19,8,64,1,4,2,0.11,1383.57,2767.14,304.3854,2462.7545999999998
958,2024-03-05,21,91,1,2,9,0.06,3592.48,32332.32,1939.9391999999998,30392.3808
959,2025-09-11,28,51,5,1,2,0.09,1474.95,2949.9,265.491,2684.409
960,2024-06-03,11,50,9,4,3,0.03,2342.81,7028.43,210.8529,6817.5771
961,2024-08-13,23,6,6,2,7,0.06,598.96,4192.72,251.5632,3941.1568
962,2025-11-16,2,59,3,4,3,0.12,3544.71,10634.130000000001,1276.0956,9358.0344
963,2023-07-18,8,15,3,1,9,0.06,1292.04,11628.36,697.7016,10930.6584
964,2024-01-22,27,30,7,1,6,0.18,3982.21,23893.260000000002,4300.7868,19592.4732
965,2023-12-15,22,42,6,4,3,0.13,4224.28,12672.84,1647.4692,11025.3708
966,2025-08-17,8,37,9,3,9,0.09,1262.8,11365.199999999999,1022.8679999999998,10342.331999999999
967,2024-11-23,17,42,6,4,1,0.01,1516.92,1516.92,15.169200000000002,1501.7508
968,2024-01-13,15,35,5,2,10,0.1,1774.75,17747.5,1774.75,15972.75
969,2025-06-17,17,87,10,3,3,0.15,1421.87,4265.61,639.8414999999999,3625.7684999999997
970,2025-07-04,28,6,7,2,1,0.05,1503.84,1503.84,75.192,1428.648
971,2024-06-10,23,68,1,4,2,0.16,696.58,1393.16,222.90560000000002,1170.2544
972,2025-01-03,24,18,7,3,8,0.05,1689.05,13512.4,675.62,12836.779999999999
973,2023-07-25,13,73,3,2,7,0.16,475.43,3328.01,532.4816000000001,2795.5284
974,2024-03-30,19,29,9,4,2,0.02,2295.62,4591.24,91.8248,4499.4151999999995
975,2024-06-04,5,77,6,4,2,0.17,3856.4,7712.8,1311.1760000000002,6401.624
976,2025-10-13,12,59,9,3,9,0.1,372.05,3348.4500000000003,334.845,3013.6050000000005
977,2025-08-13,1,47,5,4,6,0.06,4067.23,24403.38,1464.2028,22939.177200000002
978,2024-12-26,23,17,7,1,5,0.05,622.6,3113.0,155.65,2957.35
979,2025-10-10,5,96,4,2,10,0.09,3894.62,38946.2,3505.1579999999994,35441.042
980,2024-05-15,8,22,7,2,6,0.2,1196.81,7180.86,1436.172,5744.688
981,2023-04-27,13,68,1,4,9,0.04,418.18,3763.62,150.5448,3613.0751999999998
982,2024-01-21,8,69,7,4,7,0.02,1384.23,9689.61,193.7922,9495.8178
983,2024-08-06,25,37,8,1,10,0.12,2019.75,20197.5,2423.7,17773.8
984,2024-01-30,23,49,5,3,10,0.1,667.15,6671.5,667.1500000000001,6004.35
985,2025-12-23,11,13,2,4,9,0.1,2363.31,21269.79,2126.9790000000003,19142.811
986,2024-12-21,1,34,5,4,4,0.13,3933.03,15732.12,2045.1756000000003,13686.9444
987,2023-03-13,13,86,6,4,2,0.05,463.47,926.94,46.34700000000001,880.5930000000001
988,2023-10-01,19,53,2,4,8,0.18,2423.04,19384.32,3489.1776,15895.1424
989,2023-12-04,24,87,6,2,4,0.09,1555.39,6221.56,559.9404000000001,5661.6196
990,2024-08-29,3,51,6,4,9,0.03,2555.04,22995.36,689.8608,22305.499200000002
991,2023-06-15,24,3,1,2,4,0.15,1540.09,6160.36,924.0539999999999,5236.306
992,2023-01-11,17,42,1,4,8,0.13,1603.58,12828.64,1667.7232,11160.916799999999
993,2024-12-29,5,98,10,3,9,0.06,4520.32,40682.88,2440.9727999999996,38241.9072
994,2025-03-11,20,32,3,1,9,0.12,1828.99,16460.91,1975.3092,14485.6008
995,2023-04-12,21,51,10,3,10,0.04,3625.47,36254.7,1450.1879999999999,34804.511999999995
996,2025-02-17,8,85,10,4,4,0.09,1327.4,5309.6,477.86400000000003,4831.736000000001
997,2023-08-02,26,46,3,4,1,0.18,1480.79,1480.79,266.5422,1214.2478
998,2024-02-05,14,21,4,4,3,0.03,3146.97,9440.91,283.22729999999996,9157.6827
999,2024-08-10,4,44,2,3,9,0.08,1754.43,15789.87,1263.1896000000002,14526.680400000001
1000,2025-06-07,11,11,9,4,4,0.16,2518.1,10072.4,1611.584,8460.815999999999
